a, ips
a,172.24.3.6
a,172.24.3.60
a,172.24.3.61
a,172.24.3.62
a,172.24.3.63
a,172.24.3.64
a,172.24.3.65
a,172.24.3.66
a,172.24.3.67
a,172.24.3.68
a,172.24.3.69
a,172.24.3.7
a,172.24.3.70
a,172.24.3.71
a,172.24.3.72
a,172.24.3.73
a,172.24.3.75
a,172.24.3.76
a,172.24.3.77
a,172.24.3.78
a,172.24.3.79
a,172.24.3.8
a,172.24.3.80
a,172.24.3.81
a,172.24.3.82
a,172.24.3.83
a,172.24.3.84
a,172.24.3.86
a,172.24.3.87
a,172.24.3.88
a,172.24.3.89
a,172.24.3.9
a,172.24.3.90
a,172.24.3.91
a,172.24.3.92
a,172.24.3.93
a,172.24.3.94
a,172.24.3.95
a,172.24.3.96
a,172.24.3.97
a,172.24.3.98
a,172.24.6.1
a,172.24.6.10
a,172.24.6.11
a,172.24.6.12
a,172.24.6.13
a,172.24.6.130
a,172.24.6.131
a,172.24.6.132
a,172.24.6.133
a,172.24.6.134
a,172.24.6.14
a,172.24.6.15
a,172.24.6.16
a,172.24.6.2
a,172.24.6.20
a,172.24.6.22
a,172.24.6.23
a,172.24.6.24
a,172.24.6.25
a,172.24.6.254
a,172.24.6.255
a,172.24.6.26
a,172.24.6.27
a,172.24.6.28
a,172.24.6.29
a,172.24.6.3
a,172.24.6.30
a,172.24.6.31
a,172.24.6.32
a,172.24.6.33
a,172.24.6.34
a,172.24.6.35
a,172.24.6.36
a,172.24.6.37
a,172.24.6.4
a,172.24.6.40
a,172.24.6.42
a,172.24.6.43
a,172.24.6.44
a,172.24.6.45
a,172.24.6.46
a,172.24.6.47
a,172.24.6.48
a,172.24.6.49
a,172.24.6.5
a,172.24.6.50
a,172.24.6.52
a,172.24.6.53
a,172.24.6.58
a,172.24.6.59
a,172.24.6.62
a,172.24.6.63
a,172.24.6.64
a,172.24.6.66
a,172.24.6.67
a,172.24.6.68
a,172.24.6.69
a,172.24.6.70
a,172.24.6.71
a,172.24.6.72
a,172.24.6.73
a,172.24.6.76
a,172.24.6.77
a,172.24.6.8
a,172.24.6.81
a,172.24.6.82
a,172.24.6.9
a,172.24.7.101
a,172.24.7.102
a,172.24.7.103
a,172.24.7.106
a,172.24.7.109
a,172.24.7.113
a,172.24.7.114
a,172.24.7.115
a,172.24.7.116
a,172.24.7.117
a,172.24.7.118
a,172.24.7.122
a,172.24.7.123
a,172.24.7.124
a,172.24.7.125
a,172.24.7.127
a,172.24.7.129
a,172.24.7.130
a,172.24.7.135
a,172.24.7.140
a,172.24.7.145
a,172.24.7.147
a,172.24.7.148
a,172.24.7.150
a,172.24.7.168
a,172.24.7.169
a,172.24.7.174
a,172.24.7.181
a,172.24.7.182
a,172.24.7.191
a,172.24.7.193
a,172.24.7.194
a,172.24.7.195
a,172.24.7.196
a,172.24.7.197
a,172.24.7.198
a,172.24.7.199
a,172.24.7.200
a,172.24.7.215
a,172.24.7.218
a,172.24.7.219
a,172.24.7.220
a,172.24.7.224
a,172.24.7.225
a,172.24.7.226
a,172.24.7.227
a,172.24.7.234
a,172.24.7.235
a,172.24.7.237
a,172.24.7.238
a,172.24.7.239
a,172.24.7.240
a,172.24.7.242
a,172.24.7.243
a,172.24.7.245
a,172.24.7.246
a,172.24.7.247
a,172.24.7.248
a,172.24.7.249
a,172.24.7.250
a,172.24.7.251
a,172.24.7.252
a,172.24.7.3
a,172.24.7.30
a,172.24.7.95
a,172.24.7.97
a,172.24.7.98
a,172.24.7.99
a,172.24.8.43
a,172.25.21.1
a,172.25.21.100
a,172.25.21.101
a,172.25.21.102
a,172.25.21.103
a,172.25.21.104
a,172.25.21.105
a,172.25.21.106
a,172.25.21.107
a,172.25.21.109
a,172.25.21.11
a,172.25.21.110
a,172.25.21.111
a,172.25.21.112
a,172.25.21.113
a,172.25.21.114
a,172.25.21.115
a,172.25.21.117
a,172.25.21.119
a,172.25.21.120
a,172.25.21.121
a,172.25.21.122
a,172.25.21.123
a,172.25.21.124
a,172.25.21.125
a,172.25.21.126
a,172.25.21.127
a,172.25.21.128
a,172.25.21.129
a,172.25.21.13
a,172.25.21.130
a,172.25.21.131
a,172.25.21.132
a,172.25.21.133
a,172.25.21.134
a,172.25.21.135
a,172.25.21.137
a,172.25.21.138
a,172.25.21.139
a,172.24.3.10
a,172.24.3.100
a,172.24.3.101
a,172.24.3.102
a,172.24.3.104
a,172.24.3.107
a,172.24.3.108
a,172.24.3.11
a,172.24.3.110
a,172.24.3.112
a,172.24.3.113
a,172.24.3.115
a,172.24.3.116
a,172.24.3.117
a,172.24.3.118
a,172.24.3.119
a,172.24.3.12
a,172.24.3.120
a,172.24.3.122
a,172.24.3.123
a,172.24.3.124
a,172.24.3.125
a,172.24.3.126
a,172.24.3.127
a,172.24.3.128
a,172.24.3.129
a,172.24.3.13
a,172.24.3.130
a,172.24.3.131
a,172.24.3.132
a,172.24.3.133
a,172.24.3.134
a,172.24.3.135
a,172.24.3.136
a,172.24.3.138
a,172.24.3.139
a,172.24.3.140
a,172.24.3.141
a,172.24.3.142
a,172.24.3.143
a,172.24.3.144
a,172.24.3.145
a,172.24.3.146
a,172.24.3.147
a,172.24.3.148
a,172.24.3.149
a,172.24.3.15
a,172.24.3.151
a,172.24.3.154
a,172.24.3.155
a,172.24.3.157
a,172.24.3.158
a,172.24.3.159
a,172.24.3.16
a,172.24.3.161
a,172.24.3.162
a,172.24.3.163
a,172.24.3.164
a,172.24.3.165
a,172.24.3.166
a,172.24.3.167
a,172.24.3.168
a,172.24.3.169
a,172.24.3.17
a,172.24.3.170
a,172.24.3.171
a,172.24.3.172
a,172.24.3.173
a,172.24.3.174
a,172.24.3.175
a,172.24.3.176
a,172.24.3.177
a,172.24.3.178
a,172.24.3.179
a,172.24.3.18
a,172.24.3.180
a,172.24.3.182
a,172.24.3.184
a,172.24.3.185
a,172.24.3.186
a,172.24.3.187
a,172.24.3.188
a,172.24.3.189
a,172.24.3.190
a,172.24.3.191
a,172.24.3.192
a,172.24.3.193
a,172.24.3.194
a,172.24.3.196
a,172.24.3.198
a,172.24.3.199
a,172.24.3.20
a,172.24.3.200
a,172.24.3.201
a,172.24.3.202
a,172.24.3.203
a,172.24.3.204
a,172.24.3.205
a,172.24.3.206
a,172.24.3.207
a,172.24.3.208
a,172.24.3.21
a,172.24.3.211
a,172.24.3.213
a,172.24.3.214
a,172.24.3.215
a,172.24.3.217
a,172.24.3.219
a,172.24.3.22
a,172.24.3.220
a,172.24.3.221
a,172.24.3.222
a,172.24.3.224
a,172.24.3.225
a,172.24.3.226
a,172.24.3.227
a,172.24.3.229
a,172.24.3.23
a,172.24.3.230
a,172.24.3.231
a,172.24.3.232
a,172.24.3.233
a,172.24.3.234
a,172.24.3.235
a,172.24.3.236
a,172.24.3.237
a,172.24.3.238
a,172.24.3.239
a,172.24.3.24
a,172.24.3.240
a,172.24.3.242
a,172.24.3.243
a,172.24.3.244
a,172.24.3.245
a,172.24.3.247
a,172.24.3.248
a,172.24.3.25
a,172.24.3.250
a,172.24.3.251
a,172.24.3.252
a,172.24.3.26
a,172.24.3.27
a,172.24.3.28
a,172.24.3.3
a,172.24.3.30
a,172.24.3.31
a,172.24.3.32
a,172.24.3.33
a,172.24.3.34
a,172.24.3.35
a,172.24.3.37
a,172.24.3.39
a,172.24.3.4
a,172.24.3.40
a,172.24.3.41
a,172.24.3.42
a,172.24.3.43
a,172.24.3.44
a,172.24.3.45
a,172.24.3.46
a,172.24.3.47
a,172.24.3.48
a,172.24.3.49
a,172.24.3.5
a,172.24.3.50
a,172.24.3.51
a,172.24.3.52
a,172.24.3.53
a,172.24.3.54
a,172.24.3.55
a,172.24.3.56
a,172.24.3.57
a,172.24.3.58
a,172.24.3.59
a,172.25.21.14
a,172.25.21.140
a,172.25.21.141
a,172.25.21.142
a,172.25.21.143
a,172.25.21.144
a,172.25.21.145
a,172.25.21.146
a,172.25.21.147
a,172.25.21.148
a,172.25.21.149
a,172.25.21.15
a,172.25.21.150
a,172.25.21.151
a,172.25.21.152
a,172.25.21.153
a,172.25.21.154
a,172.25.21.155
a,172.25.21.156
a,172.25.21.157
a,172.25.21.158
a,172.25.21.159
a,172.25.21.16
a,172.25.21.160
a,172.25.21.161
a,172.25.21.162
a,172.25.21.163
a,172.25.21.164
a,172.25.21.165
a,172.25.21.166
a,172.25.21.167
a,172.25.21.168
a,172.25.21.169
a,172.25.21.17
a,172.25.21.170
a,172.25.21.171
a,172.25.21.172
a,172.25.21.173
a,172.25.21.174
a,172.25.21.175
a,172.25.21.176
a,172.25.21.177
a,172.25.21.178
a,172.25.21.179
a,172.25.21.180
a,172.25.21.181
a,172.25.21.182
a,172.25.21.183
a,172.25.21.184
a,172.25.21.185
a,172.25.21.186
a,172.25.21.187
a,172.25.21.188
a,172.25.21.189
a,172.25.21.19
a,172.25.21.190
a,172.25.21.191
a,172.25.21.192
a,172.25.21.193
a,172.25.21.194
a,172.25.21.195
a,172.25.21.196
a,172.25.21.197
a,172.25.21.198
a,172.25.21.199
a,172.25.21.2
a,172.25.21.20
a,172.25.21.200
a,172.25.21.201
a,172.25.21.202
a,172.25.21.203
a,172.25.21.204
a,172.25.21.205
a,172.25.21.206
a,172.25.21.207
a,172.25.21.208
a,172.25.21.209
a,172.25.21.210
a,172.25.21.211
a,172.25.21.212
a,172.25.21.213
a,172.25.21.214
a,172.25.21.215
a,172.25.21.216
a,172.25.21.217
a,172.25.21.218
a,172.25.21.219
a,172.25.21.220
a,172.25.21.221
a,172.25.21.222
a,172.25.21.223
a,172.25.21.224
a,172.25.21.225
a,172.25.21.226
a,172.25.21.227
a,172.25.21.228
a,172.25.21.229
a,172.25.21.23
a,172.25.21.230
a,172.25.21.231
a,172.25.21.232
a,172.25.21.233
a,172.25.21.234
a,172.25.21.235
a,172.25.21.236
a,172.25.21.237
a,172.25.21.238
a,172.25.21.239
a,172.25.21.24
a,172.25.21.240
a,172.25.21.241
a,172.25.21.242
a,172.25.21.243
a,172.25.21.244
a,172.25.21.245
a,172.25.21.246
a,172.25.21.247
a,172.25.21.248
a,172.25.21.249
a,172.25.21.25
a,172.25.21.250
a,172.25.21.251
a,172.25.21.26
a,172.25.21.28
a,172.25.21.29
a,172.25.21.3
a,172.25.21.30
a,172.25.21.32
a,172.25.21.33
a,172.25.21.34
a,172.25.21.35
a,172.25.21.37
a,172.25.21.38
a,172.25.21.39
a,172.25.21.4
a,172.25.21.40
a,172.25.21.43
a,172.25.21.44
a,172.25.21.5
a,172.25.21.51
a,172.25.21.52
a,172.25.21.53
a,172.25.21.54
a,172.25.21.55
a,172.25.21.56
a,172.25.21.58
a,172.25.21.59
a,172.25.21.61
a,172.25.21.62
a,172.25.21.63
a,172.25.21.65
a,172.25.21.66
a,172.25.21.68
a,172.25.21.69
a,172.25.21.7
a,172.25.21.70
a,172.25.21.71
a,172.25.21.72
a,172.25.21.73
a,172.25.21.74
a,172.25.21.75
a,172.25.21.77
a,172.25.21.78
a,172.25.21.79
a,172.25.21.8
a,172.25.21.80
a,172.25.21.81
a,172.25.21.82
a,172.25.21.83
a,172.25.21.84
a,172.25.21.86
a,172.25.21.87
a,172.25.21.88
a,172.25.21.89
a,172.25.21.9
a,172.25.21.90
a,172.25.21.91
a,172.25.21.92
a,172.25.21.93
a,172.25.21.96
a,172.25.21.97
a,172.25.21.98
a,172.25.22.1
a,172.25.22.10
a,172.25.22.100
a,172.25.22.101
a,172.25.22.102
a,172.25.22.103
a,172.25.22.104
a,172.25.22.105
a,172.25.22.106
a,172.25.22.107
a,172.25.22.108
a,172.25.22.109
a,172.25.22.110
a,172.25.22.111
a,172.25.22.112
a,172.25.22.113
a,172.25.22.114
a,172.25.22.115
a,172.25.22.118
a,172.25.22.119
a,172.25.22.12
a,172.25.22.121
a,172.25.22.122
a,172.25.22.123
a,172.25.22.124
a,172.25.22.125
a,172.25.22.126
a,172.25.22.127
a,172.25.22.128
a,172.25.22.129
a,172.19.39.231
a,172.19.39.232
a,172.19.39.233
a,172.19.39.236
a,172.19.39.240
a,172.24.0.13
a,172.24.0.15
a,172.24.0.18
a,172.24.0.224
a,172.24.0.225
a,172.24.0.226
a,172.24.0.227
a,172.24.0.3
a,172.24.0.46
a,172.24.10.176
a,172.24.10.177
a,172.24.10.182
a,172.24.10.183
a,172.24.10.186
a,172.24.10.189
a,172.24.10.190
a,172.24.10.191
a,172.24.10.193
a,172.24.10.194
a,172.24.10.196
a,172.24.10.197
a,172.24.10.198
a,172.24.10.2
a,172.24.10.201
a,172.24.10.202
a,172.24.10.203
a,172.24.10.204
a,172.24.10.205
a,172.24.10.210
a,172.24.10.211
a,172.24.10.212
a,172.24.10.214
a,172.24.10.215
a,172.24.10.217
a,172.24.10.218
a,172.24.10.219
a,172.24.10.220
a,172.24.10.221
a,172.24.10.222
a,172.24.10.223
a,172.24.10.224
a,172.24.10.225
a,172.24.10.226
a,172.24.10.230
a,172.24.10.234
a,172.24.10.235
a,172.24.10.236
a,172.24.10.237
a,172.24.10.238
a,172.24.10.239
a,172.24.10.240
a,172.24.10.241
a,172.24.10.242
a,172.24.10.243
a,172.24.10.244
a,172.24.10.245
a,172.24.10.248
a,172.24.10.249
a,172.24.10.250
a,172.24.10.251
a,172.24.10.253
a,172.24.10.27
a,172.24.10.28
a,172.24.10.29
a,172.24.10.30
a,172.24.11.1
a,172.24.11.10
a,172.24.11.12
a,172.24.11.13
a,172.24.11.14
a,172.24.11.16
a,172.24.11.17
a,172.24.11.18
a,172.24.11.19
a,172.24.11.2
a,172.24.11.20
a,172.24.11.21
a,172.24.11.22
a,172.24.11.23
a,172.24.11.24
a,172.24.11.25
a,172.24.11.252
a,172.24.11.253
a,172.24.11.26
a,172.24.11.27
a,172.24.11.28
a,172.24.11.3
a,172.24.11.32
a,172.24.11.33
a,172.24.11.34
a,172.24.11.35
a,172.24.11.39
a,172.24.11.4
a,172.24.11.40
a,172.24.11.42
a,172.24.11.43
a,172.24.11.44
a,172.24.11.47
a,172.24.11.48
a,172.24.11.5
a,172.24.11.57
a,172.24.11.58
a,172.24.11.59
a,172.24.11.6
a,172.24.11.60
a,172.24.11.61
a,172.24.11.7
a,172.24.11.8
a,172.24.11.9
a,172.24.2.1
a,172.24.2.10
a,172.24.2.100
a,172.24.2.101
a,172.24.2.102
a,172.24.2.103
a,172.24.2.104
a,172.24.2.105
a,172.24.2.106
a,172.24.2.107
a,172.24.2.108
a,172.24.2.109
a,172.24.2.110
a,172.24.2.111
a,172.24.2.112
a,172.24.2.113
a,172.24.2.114
a,172.24.2.117
a,172.24.2.118
a,172.24.2.119
a,172.24.2.12
a,172.24.2.120
a,172.24.2.121
a,172.24.2.122
a,172.24.2.123
a,172.24.2.124
a,172.24.2.125
a,172.24.2.126
a,172.24.2.127
a,172.24.2.128
a,172.24.2.129
a,172.24.2.13
a,172.24.2.130
a,172.24.2.131
a,172.24.2.132
a,172.24.2.133
a,172.24.2.134
a,172.24.2.135
a,172.24.2.136
a,172.24.2.137
a,172.24.2.138
a,172.24.2.139
a,172.24.2.14
a,172.24.2.140
a,172.24.2.141
a,172.24.2.142
a,172.24.2.143
a,172.24.2.144
a,172.24.2.146
a,172.24.2.147
a,172.24.2.148
a,172.24.2.149
a,172.24.2.150
a,172.24.2.151
a,172.24.2.152
a,172.24.2.154
a,172.24.2.155
a,172.24.2.156
a,172.24.2.157
a,172.24.2.158
a,172.24.2.159
a,172.24.2.16
a,172.24.2.160
a,172.24.2.162
a,172.24.2.163
a,172.24.2.164
a,172.24.2.165
a,172.24.2.166
a,172.24.2.167
a,172.24.2.168
a,172.24.2.169
a,172.24.2.17
a,172.24.2.170
a,172.24.2.171
a,172.24.2.172
a,172.24.2.173
a,172.24.2.174
a,172.24.2.175
a,172.24.2.176
a,172.24.2.177
a,172.24.2.178
a,172.24.2.179
a,172.24.2.18
a,172.24.2.180
a,172.24.2.181
a,172.24.2.182
a,172.24.2.184
a,172.24.2.185
a,172.24.2.186
a,172.24.2.187
a,172.24.2.188
a,172.24.2.19
a,172.24.2.190
a,172.24.2.191
a,172.24.2.192
a,172.24.2.193
a,172.24.2.194
a,172.24.2.195
a,172.24.2.197
a,172.24.2.198
a,172.24.2.199
a,172.24.2.2
a,172.24.2.20
a,172.24.2.200
a,172.24.2.201
a,172.24.2.203
a,172.24.2.204
a,172.24.2.207
a,172.24.2.208
a,172.24.2.21
a,172.24.2.210
a,172.24.2.211
a,172.24.2.212
a,172.24.2.213
a,172.24.2.215
a,172.24.2.216
a,172.24.2.219
a,172.24.2.22
a,172.24.2.220
a,172.24.2.223
a,172.24.2.224
a,172.24.2.225
a,172.24.2.226
a,172.24.2.227
a,172.24.2.228
a,172.24.2.229
a,172.24.2.23
a,172.24.2.233
a,172.24.2.234
a,172.24.2.24
a,172.24.2.25
a,172.24.2.254
a,172.24.2.255
a,172.24.2.27
a,172.24.2.28
a,172.24.2.29
a,172.24.2.3
a,172.24.2.30
a,172.24.2.32
a,172.24.2.35
a,172.24.2.39
a,172.24.2.4
a,172.24.2.40
a,172.24.2.42
a,172.24.2.43
a,172.24.2.44
a,172.24.2.45
a,172.24.2.48
a,172.24.2.49
a,172.24.2.5
a,172.24.2.50
a,172.24.2.52
a,172.24.2.54
a,172.24.2.56
a,172.24.2.57
a,172.24.2.58
a,172.24.2.59
a,172.24.2.6
a,172.24.2.61
a,172.24.2.62
a,172.24.2.63
a,172.24.2.64
a,172.24.2.66
a,172.24.2.68
a,172.24.2.72
a,172.24.2.74
a,172.24.2.76
a,172.24.2.77
a,172.24.2.78
a,172.24.2.79
a,172.24.2.8
a,172.24.2.83
a,172.24.2.84
a,172.24.2.85
a,172.24.2.86
a,172.24.2.88
a,172.24.2.89
a,172.24.2.9
a,172.24.2.90
a,172.24.2.91
a,172.24.2.92
a,172.24.2.94
a,172.24.2.95
a,172.24.2.96
a,172.24.2.97
a,172.24.2.99
a,172.30.14.1
a,172.30.14.10
a,172.30.14.100
a,172.30.14.101
a,172.30.14.102
a,172.30.14.103
a,172.30.14.104
a,172.30.14.107
a,172.30.14.108
a,172.30.14.109
a,172.30.14.11
a,172.30.14.110
a,172.30.14.111
a,172.30.14.112
a,172.30.14.113
a,172.30.14.114
a,172.30.14.115
a,172.30.14.12
a,172.30.14.13
a,172.30.14.14
a,172.30.14.15
a,172.30.14.16
a,172.30.14.17
a,172.30.14.18
a,172.30.14.19
a,172.30.14.2
a,172.30.14.20
a,172.30.14.21
a,172.30.14.22
a,172.30.14.23
a,172.30.14.24
a,172.30.14.25
a,172.30.14.26
a,172.30.14.27
a,172.30.14.28
a,172.30.14.29
a,172.30.14.3
a,172.30.14.30
a,172.30.14.31
a,172.30.14.32
a,172.30.14.33
a,172.30.14.34
a,172.30.14.35
a,172.30.14.36
a,172.30.14.37
a,172.30.14.38
a,172.30.14.39
a,172.30.14.4
a,172.30.14.40
a,172.30.14.41
a,172.30.14.42
a,172.30.14.43
a,172.30.14.45
a,172.30.14.46
a,172.30.14.48
a,172.30.14.49
a,172.30.14.5
a,172.30.14.50
a,172.30.14.53
a,172.30.14.56
a,172.30.14.57
a,172.30.14.58
a,172.30.14.6
a,172.30.14.61
a,172.30.14.62
a,172.30.14.63
a,172.30.14.64
a,172.30.14.65
a,172.30.14.66
a,172.30.14.67
a,172.30.14.68
a,172.30.14.69
a,172.30.14.7
a,172.30.14.70
a,172.30.14.71
a,172.30.14.72
a,172.30.14.74
a,172.30.14.75
a,172.30.14.76
a,172.30.14.77
a,172.30.14.78
a,172.30.14.79
a,172.30.14.8
a,172.30.14.81
a,172.30.14.82
a,172.30.14.83
a,172.30.14.84
a,172.30.14.85
a,172.30.14.86
a,172.30.14.87
a,172.30.14.88
a,172.30.14.89
a,172.30.14.9
a,172.30.14.93
a,172.30.14.94
a,172.30.14.95
a,172.30.14.97
a,172.30.14.98
a,172.30.14.99
a,172.30.15.1
a,172.30.15.13
a,172.30.15.133
a,172.30.15.134
a,172.30.15.135
a,172.30.15.136
a,172.30.15.137
a,172.30.15.138
a,172.30.15.139
a,172.30.15.140
a,172.30.15.141
a,172.30.15.142
a,172.30.15.143
a,172.30.15.144
a,172.30.15.145
a,172.30.15.146
a,172.30.15.147
a,172.30.15.148
a,172.30.15.149
a,172.30.15.151
a,172.30.15.152
a,172.30.15.153
a,172.30.15.154
a,172.30.15.155
a,172.30.15.156
a,172.30.15.157
a,172.30.15.158
a,172.30.15.159
a,172.30.15.160
a,172.30.15.161
a,172.30.15.162
a,172.30.15.163
a,172.30.15.164
a,172.30.15.165
a,172.30.15.166
a,172.30.15.167
a,172.30.15.168
a,172.30.15.169
a,172.30.15.171
a,172.30.15.175
a,172.30.15.176
a,172.30.15.2
a,172.30.15.3
a,172.30.15.4
a,172.30.15.5
a,172.30.15.6
a,172.30.15.7
a,172.30.15.8
a,172.30.16.1
a,172.30.16.10
a,172.30.16.11
a,172.30.16.12
a,172.30.16.129
a,172.30.16.13
a,172.30.16.130
a,172.30.16.131
a,172.30.16.132
a,172.30.16.133
a,172.30.16.134
a,172.30.16.135
a,172.30.16.136
a,172.30.16.137
a,172.30.16.138
a,172.30.16.14
a,172.30.16.15
a,172.30.16.16
a,172.30.16.17
a,172.30.16.18
a,172.30.16.19
a,172.30.16.2
a,172.30.16.20
a,172.30.16.21
a,172.30.16.22
a,172.30.16.23
a,172.30.16.24
a,172.30.16.26
a,172.30.16.3
a,172.30.16.4
a,172.30.16.5
a,172.30.16.6
a,172.30.16.7
a,172.30.16.8
a,172.30.16.9
a,172.30.17.1
a,172.30.17.10
a,172.30.17.11
a,172.30.17.12
a,172.30.17.13
a,172.30.17.2
a,172.30.17.3
a,172.30.17.4
a,172.30.17.5
a,172.30.17.6
a,172.30.17.7
a,172.30.17.8
a,172.30.17.9
a,172.30.18.10
a,172.30.18.11
a,172.30.18.12
a,172.30.18.13
a,172.30.18.14
a,172.30.18.15
a,172.30.18.16
a,172.30.18.17
a,172.30.18.18
a,172.30.18.19
a,172.30.18.20
a,172.30.18.21
a,172.30.18.22
a,172.30.18.23
a,172.30.18.24
a,172.30.18.25
a,172.30.18.26
a,172.30.18.28
a,172.30.18.29
a,172.30.18.3
a,172.30.18.30
a,172.30.18.31
a,172.30.18.32
a,172.30.18.33
a,172.30.18.34
a,172.30.18.35
a,172.30.18.36
a,172.30.18.37
a,172.30.18.38
a,172.30.18.39
a,172.30.18.4
a,172.30.18.41
a,172.30.18.42
a,172.30.18.43
a,172.30.18.44
a,172.30.18.46
a,172.30.18.47
a,172.30.18.48
a,172.30.18.49
a,172.30.18.5
a,172.30.18.50
a,172.30.18.51
a,172.30.18.52
a,172.30.18.53
a,172.30.18.54
a,172.30.18.55
a,172.30.18.56
a,172.30.18.57
a,172.30.18.58
a,172.30.18.59
a,172.30.18.60
a,172.30.18.7
a,172.30.18.8
a,172.30.18.9
a,172.30.4.1
a,172.30.4.10
a,172.30.4.107
a,172.30.4.108
a,172.30.4.11
a,172.30.4.113
a,172.30.4.114
a,172.30.4.115
a,172.30.4.116
a,172.30.4.117
a,172.30.4.119
a,172.30.4.12
a,172.30.4.120
a,172.30.4.121
a,172.30.4.122
a,172.30.4.123
a,172.30.4.124
a,172.30.4.125
a,172.30.4.126
a,172.30.4.127
a,172.30.4.129
a,172.30.4.13
a,172.30.4.130
a,172.30.4.131
a,172.30.4.133
a,172.30.4.135
a,172.30.4.136
a,172.30.4.137
a,172.30.4.138
a,172.30.4.139
a,172.30.4.14
a,172.30.4.140
a,172.30.4.141
a,172.30.4.142
a,172.30.4.146
a,172.30.4.15
a,172.30.4.16
a,172.30.4.17
a,172.30.4.18
a,172.30.4.19
a,172.30.4.2
a,172.30.4.20
a,172.30.4.21
a,172.30.4.22
a,172.30.4.23
a,172.30.4.24
a,172.30.4.25
a,172.30.4.26
a,172.30.4.27
a,172.30.4.28
a,172.30.4.29
a,172.30.4.3
a,172.30.4.30
a,172.30.4.31
a,172.30.4.32
a,172.30.4.33
a,172.30.4.34
a,172.30.4.35
a,172.30.4.36
a,172.30.4.37
a,172.30.4.38
a,172.30.4.39
a,172.30.4.4
a,172.30.4.40
a,172.30.4.41
a,172.30.4.43
a,172.30.4.47
a,172.30.4.48
a,172.30.4.49
a,172.30.4.51
a,172.30.4.52
a,172.30.4.53
a,172.30.4.54
a,172.30.4.55
a,172.30.4.58
a,172.30.4.59
a,172.30.4.60
a,172.30.4.61
a,172.30.4.62
a,172.30.4.63
a,172.30.4.65
a,172.30.4.66
a,172.30.4.67
a,172.30.4.71
a,172.30.4.8
a,172.30.4.80
a,172.30.4.9
a,172.30.4.91
a,172.30.5.1
a,172.30.5.10
a,172.30.5.12
a,172.30.5.13
a,172.30.5.15
a,172.30.5.16
a,172.30.5.19
a,172.30.5.2
a,172.30.5.20
a,172.30.5.21
a,172.30.5.23
a,172.30.5.24
a,172.30.5.25
a,172.30.5.26
a,172.30.5.27
a,172.30.5.28
a,172.30.5.29
a,172.30.5.3
a,172.30.5.30
a,172.30.5.31
a,172.30.5.32
a,172.30.5.33
a,172.30.5.34
a,172.30.5.35
a,172.30.5.36
a,172.30.5.38
a,172.30.5.39
a,172.30.5.42
a,172.30.5.43
a,172.30.5.44
a,172.30.5.45
a,172.30.5.46
a,172.30.5.47
a,172.30.5.48
a,172.30.5.49
a,172.30.5.5
a,172.30.5.50
a,172.30.5.51
a,172.30.5.6
a,172.30.5.7
a,172.30.5.8
a,172.30.5.9
a,172.30.6.1
a,172.30.6.100
a,172.30.6.101
a,172.30.6.102
a,172.30.6.103
a,172.30.6.104
a,172.30.6.105
a,172.30.6.106
a,172.30.6.107
a,172.30.6.108
a,172.30.6.11
a,172.30.6.110
a,172.30.6.111
a,172.30.6.112
a,172.30.6.113
a,172.30.6.114
a,172.30.6.115
a,172.30.6.116
a,172.30.6.12
a,172.30.6.126
a,172.30.6.128
a,172.30.6.129
a,172.30.6.13
a,172.30.6.131
a,172.30.6.132
a,172.30.6.134
a,172.30.6.135
a,172.30.6.136
a,172.30.6.137
a,172.30.6.138
a,172.30.6.139
a,172.30.6.14
a,172.30.6.140
a,172.30.6.141
a,172.30.6.142
a,172.30.6.143
a,172.30.6.144
a,172.30.6.145
a,172.30.6.148
a,172.30.6.149
a,172.30.6.15
a,172.30.6.151
a,172.30.6.152
a,172.30.6.153
a,172.30.6.154
a,172.30.6.155
a,172.30.6.156
a,172.30.6.157
a,172.30.6.158
a,172.30.6.159
a,172.30.6.16
a,172.30.6.160
a,172.30.6.161
a,172.30.6.162
a,172.30.6.163
a,172.30.6.164
a,172.30.6.165
a,172.30.6.166
a,172.30.6.167
a,172.30.6.168
a,172.30.6.169
a,172.30.6.17
a,172.30.6.171
a,172.30.6.172
a,172.30.6.173
a,172.30.6.18
a,172.30.6.19
a,172.30.6.2
a,172.30.6.21
a,172.30.6.22
a,172.30.6.23
a,172.30.6.26
a,172.30.6.28
a,172.30.6.29
a,172.30.6.45
a,172.30.6.46
a,172.30.6.48
a,172.30.6.50
a,172.30.6.51
a,172.30.6.52
a,172.30.6.53
a,172.30.6.54
a,172.30.6.55
a,172.30.6.61
a,172.30.6.62
a,172.30.6.63
a,172.30.6.64
a,172.30.6.65
a,172.30.6.66
a,172.30.6.67
a,172.30.6.68
a,172.30.6.7
a,172.30.6.70
a,172.30.6.71
a,172.30.6.72
a,172.30.6.73
a,172.30.6.74
a,172.30.6.75
a,172.30.6.76
a,172.30.6.8
a,172.30.6.81
a,172.30.6.82
a,172.30.6.83
a,172.30.6.84
a,172.30.6.85
a,172.30.6.86
a,172.30.6.87
a,172.30.6.88
a,172.30.6.89
a,172.30.6.9
a,172.30.6.90
a,172.30.6.91
a,172.30.6.92
a,172.30.6.93
a,172.30.6.94
a,172.30.6.95
a,172.30.6.96
a,172.30.6.98
a,172.30.6.99
a,172.25.22.13
a,172.25.22.130
a,172.25.22.131
a,172.25.22.132
a,172.25.22.133
a,172.25.22.134
a,172.25.22.135
a,172.25.22.136
a,172.25.22.137
a,172.25.22.138
a,172.25.22.139
a,172.25.22.14
a,172.25.22.140
a,172.25.22.141
a,172.25.22.142
a,172.25.22.143
a,172.25.22.144
a,172.25.22.145
a,172.25.22.146
a,172.25.22.147
a,172.25.22.148
a,172.25.22.149
a,172.25.22.15
a,172.25.22.150
a,172.25.22.151
a,172.25.22.152
a,172.25.22.154
a,172.25.22.158
a,172.25.22.159
a,172.25.22.16
a,172.25.22.161
a,172.25.22.17
a,172.25.22.170
a,172.25.22.18
a,172.25.22.181
a,172.25.22.183
a,172.25.22.184
a,172.25.22.185
a,172.25.22.186
a,172.25.22.19
a,172.25.22.191
a,172.25.22.192
a,172.25.22.194
a,172.25.22.195
a,172.25.22.196
a,172.25.22.197
a,172.25.22.198
a,172.25.22.199
a,172.25.22.2
a,172.25.22.20
a,172.25.22.200
a,172.25.22.203
a,172.25.22.205
a,172.25.22.209
a,172.25.22.21
a,172.25.22.22
a,172.25.22.23
a,172.25.22.24
a,172.25.22.25
a,172.25.22.26
a,172.25.22.27
a,172.25.22.28
a,172.25.22.29
a,172.25.22.3
a,172.25.22.30
a,172.25.22.31
a,172.25.22.32
a,172.25.22.35
a,172.25.22.36
a,172.25.22.37
a,172.25.22.38
a,172.25.22.39
a,172.25.22.4
a,172.25.22.40
a,172.25.22.42
a,172.25.22.43
a,172.25.22.44
a,172.25.22.45
a,172.25.22.46
a,172.25.22.49
a,172.25.22.5
a,172.25.22.50
a,172.25.22.51
a,172.25.22.52
a,172.25.22.54
a,172.25.22.55
a,172.25.22.6
a,172.25.22.65
a,172.25.22.66
a,172.25.22.67
a,172.25.22.69
a,172.25.22.7
a,172.25.22.70
a,172.25.22.71
a,172.25.22.72
a,172.25.22.73
a,172.25.22.74
a,172.25.22.76
a,172.25.22.77
a,172.25.22.78
a,172.25.22.79
a,172.25.22.8
a,172.25.22.80
a,172.25.22.81
a,172.25.22.82
a,172.25.22.84
a,172.25.22.85
a,172.25.22.87
a,172.25.22.88
a,172.25.22.89
a,172.25.22.9
a,172.25.22.90
a,172.25.22.91
a,172.25.22.93
a,172.25.22.94
a,172.25.22.95
a,172.25.22.96
a,172.25.22.97
a,172.25.22.98
a,172.25.22.99
a,172.25.221.1
a,172.25.221.2
a,172.25.221.3
a,172.25.221.4
a,172.25.221.5
a,172.25.221.6
a,172.25.221.7
a,172.25.222.1
a,172.25.222.2
a,172.25.222.3
a,172.25.222.4
a,172.25.222.5
a,172.25.222.6
a,172.25.222.7
a,172.25.24.15
a,172.25.24.18
a,172.25.24.19
a,172.25.24.23
a,172.25.244.1
a,172.25.244.10
a,172.25.244.100
a,172.25.244.101
a,172.25.244.102
a,172.25.244.103
a,172.25.244.104
a,172.25.244.105
a,172.25.244.106
a,172.25.244.107
a,172.25.244.108
a,172.25.244.109
a,172.25.244.11
a,172.25.244.110
a,172.25.244.111
a,172.25.244.112
a,172.25.244.113
a,172.25.244.114
a,172.25.244.115
a,172.25.244.116
a,172.25.244.117
a,172.25.244.118
a,172.25.244.119
a,172.25.244.12
a,172.25.244.120
a,172.25.244.123
a,172.25.244.124
a,172.25.244.125
a,172.25.244.126
a,172.25.244.127
a,172.25.244.129
a,172.25.244.13
a,172.25.244.130
a,172.25.244.131
a,172.25.244.132
a,172.25.244.133
a,172.25.244.134
a,172.25.244.135
a,172.25.244.136
a,172.25.244.137
a,172.25.244.138
a,172.25.244.139
a,172.25.244.140
a,172.25.244.141
a,172.25.244.142
a,172.25.244.143
a,172.25.244.144
a,172.25.244.145
a,172.25.244.146
a,172.25.244.147
a,172.25.244.148
a,172.25.244.149
a,172.25.244.15
a,172.25.244.157
a,172.25.244.158
a,172.25.244.159
a,172.25.244.16
a,172.25.244.160
a,172.25.244.163
a,172.25.244.164
a,172.25.244.167
a,172.25.244.17
a,172.25.244.172
a,172.25.244.173
a,172.25.244.174
a,172.25.244.175
a,172.25.244.176
a,172.25.244.177
a,172.25.244.178
a,172.25.244.179
a,172.25.244.18
a,172.25.244.180
a,172.25.244.181
a,172.25.244.182
a,172.25.244.183
a,172.25.244.184
a,172.25.244.185
a,172.25.244.186
a,172.25.244.189
a,172.25.244.19
a,172.25.244.192
a,172.25.244.2
a,172.25.244.20
a,172.25.244.21
a,172.25.244.213
a,172.25.244.214
a,172.25.244.215
a,172.25.244.216
a,172.25.244.22
a,172.25.244.225
a,172.25.244.226
a,172.25.244.227
a,172.25.244.228
a,172.25.244.229
a,172.25.244.23
a,172.25.244.230
a,172.25.244.231
a,172.25.244.232
a,172.25.244.233
a,172.25.244.234
a,172.25.244.236
a,172.25.244.239
a,172.25.244.24
a,172.25.244.242
a,172.25.244.244
a,172.25.244.245
a,172.25.244.247
a,172.25.244.248
a,172.25.244.249
a,172.25.244.25
a,172.25.244.250
a,172.25.244.251
a,172.25.244.252
a,172.25.244.253
a,172.25.244.26
a,172.25.244.27
a,172.25.244.29
a,172.25.244.3
a,172.25.244.30
a,172.25.244.31
a,172.25.244.32
a,172.25.244.33
a,172.25.244.34
a,172.25.244.35
a,172.25.244.36
a,172.25.244.37
a,172.25.244.38
a,172.25.244.39
a,172.25.244.4
a,172.25.244.40
a,172.25.244.41
a,172.25.244.42
a,172.25.244.43
a,172.25.244.46
a,172.25.244.47
a,172.25.244.48
a,172.25.244.49
a,172.25.244.5
a,172.25.244.52
a,172.25.244.53
a,172.25.244.54
a,172.25.244.55
a,172.25.244.56
a,172.25.244.57
a,172.25.244.58
a,172.25.244.59
a,172.25.244.6
a,172.25.244.60
a,172.25.244.7
a,172.25.244.72
a,172.25.244.73
a,172.25.244.74
a,172.25.244.75
a,172.25.244.76
a,172.25.244.78
a,172.25.244.79
a,172.25.244.8
a,172.25.244.80
a,172.25.244.81
a,172.25.244.84
a,172.25.244.85
a,172.25.244.86
a,172.25.244.87
a,172.25.244.88
a,172.25.244.89
a,172.25.244.9
a,172.25.244.90
a,172.25.244.91
a,172.25.244.92
a,172.25.244.93
a,172.25.244.94
a,172.25.244.95
a,172.25.244.96
a,172.25.244.97
a,172.25.244.98
a,172.25.244.99
a,172.25.250.1
a,172.25.250.10
a,172.25.250.11
a,172.25.250.12
a,172.25.250.13
a,172.25.250.14
a,172.25.250.17
a,172.25.250.19
a,172.25.250.2
a,172.25.250.20
a,172.25.250.21
a,172.25.250.23
a,172.25.250.24
a,172.25.250.3
a,172.25.250.4
a,172.25.250.5
a,172.25.250.6
a,172.25.250.7
a,172.25.250.8
a,172.25.250.9
a,172.25.252.129
a,172.25.252.130
a,172.25.252.131
a,172.25.252.132
a,172.25.252.133
a,172.25.252.134
a,172.25.252.137
a,172.25.252.138
a,172.25.252.139
a,172.25.252.140
a,172.25.252.141
a,172.25.252.142
a,172.25.252.143
a,172.25.252.144
a,172.25.252.145
a,172.25.252.146
a,172.25.252.147
a,172.25.252.148
a,172.25.252.149
a,172.25.252.150
a,172.25.252.151
a,172.25.252.152
a,172.25.252.153
a,172.25.252.154
a,172.25.252.155
a,172.25.252.156
a,172.25.252.157
a,172.25.252.158
a,172.25.252.159
a,172.25.252.160
a,172.25.252.161
a,172.25.252.162
a,172.25.252.163
a,172.25.252.164
a,172.25.252.166
a,172.25.252.167
a,172.25.252.168
a,172.25.252.169
a,172.25.252.17
a,172.25.252.170
a,172.25.252.18
a,172.25.252.37
a,172.25.252.38
a,172.25.252.39
a,172.25.252.42
a,172.25.252.43
a,172.25.252.44
a,172.25.252.45
a,172.25.252.47
a,172.25.252.48
a,172.25.252.49
a,172.25.252.50
a,172.25.252.51
a,172.25.252.52
a,172.25.252.65
a,172.25.252.66
a,172.25.252.67
a,172.25.252.69
a,172.25.252.70
a,172.25.252.71
a,172.25.252.72
a,172.25.252.73
a,172.25.252.74
a,172.25.252.75
a,172.25.252.76
a,172.25.252.77
a,172.25.252.78
a,172.25.252.79
a,172.25.252.80
a,172.25.252.81
a,172.25.36.19
a,172.25.52.16
a,172.25.68.18
a,172.25.8.100
a,172.25.8.29
a,172.25.8.31
a,172.25.8.33
a,172.25.8.37
a,172.25.8.57
a,172.25.8.65
a,172.25.8.67
a,172.25.8.69
a,172.25.91.1
a,172.25.91.2
a,172.25.91.3
a,172.25.91.4
a,172.25.91.5
a,172.25.92.10
a,172.25.92.11
a,172.25.92.12
a,172.25.92.15
a,172.25.92.16
a,172.25.92.17
a,172.25.92.18
a,172.25.92.2
a,172.25.92.20
a,172.25.92.21
a,172.25.92.22
a,172.25.92.23
a,172.25.92.25
a,172.25.92.26
a,172.25.92.27
a,172.25.92.29
a,172.25.92.3
a,172.25.92.30
a,172.25.92.31
a,172.25.92.32
a,172.25.92.33
a,172.25.92.34
a,172.25.92.35
a,172.25.92.38
a,172.25.92.4
a,172.25.92.40
a,172.25.92.41
a,172.25.92.48
a,172.25.92.49
a,172.25.92.5
a,172.25.92.52
a,172.25.92.53
a,172.25.92.7
a,172.25.92.8
a,172.25.93.1
a,172.25.93.10
a,172.25.93.11
a,172.25.93.12
a,172.25.93.13
a,172.25.93.14
a,172.25.93.16
a,172.25.93.17
a,172.25.93.19
a,172.25.93.21
a,172.25.93.22
a,172.25.93.23
a,172.25.93.24
a,172.25.93.25
a,172.25.93.26
a,172.25.93.27
a,172.25.93.28
a,172.25.93.29
a,172.25.93.30
a,172.25.93.31
a,172.25.93.4
a,172.25.93.9
a,172.30.10.1
a,172.30.10.10
a,172.30.10.11
a,172.30.10.12
a,172.30.10.13
a,172.30.10.14
a,172.30.10.15
a,172.30.10.16
a,172.30.10.17
a,172.30.10.18
a,172.30.10.19
a,172.30.10.2
a,172.30.10.20
a,172.30.10.21
a,172.30.10.22
a,172.30.10.23
a,172.30.10.24
a,172.30.10.25
a,172.30.10.26
a,172.30.10.27
a,172.30.10.28
a,172.30.10.29
a,172.30.10.3
a,172.30.10.30
a,172.30.10.31
a,172.30.10.32
a,172.30.10.33
a,172.30.10.36
a,172.30.10.37
a,172.30.10.39
a,172.30.10.4
a,172.30.10.40
a,172.30.10.41
a,172.30.10.42
a,172.30.10.43
a,172.30.10.44
a,172.30.10.45
a,172.30.10.46
a,172.30.10.47
a,172.30.10.48
a,172.30.10.49
a,172.30.10.5
a,172.30.10.50
a,172.30.10.51
a,172.30.10.52
a,172.30.10.6
a,172.30.10.7
a,172.30.10.8
a,172.30.10.9
a,172.30.11.1
a,172.30.11.10
a,172.30.11.11
a,172.30.11.12
a,172.30.11.13
a,172.30.11.14
a,172.30.11.15
a,172.30.11.16
a,172.30.11.17
a,172.30.11.18
a,172.30.11.19
a,172.30.11.2
a,172.30.11.20
a,172.30.11.21
a,172.30.11.22
a,172.30.11.23
a,172.30.11.24
a,172.30.11.25
a,172.30.11.26
a,172.30.11.27
a,172.30.11.28
a,172.30.11.29
a,172.30.11.3
a,172.30.11.30
a,172.30.11.31
a,172.30.11.32
a,172.30.11.33
a,172.30.11.34
a,172.30.11.35
a,172.30.11.36
a,172.30.11.37
a,172.30.11.38
a,172.30.11.39
a,172.30.11.4
a,172.30.11.40
a,172.30.11.41
a,172.30.11.42
a,172.30.11.43
a,172.30.11.45
a,172.30.11.46
a,172.30.11.47
a,172.30.11.48
a,172.30.11.49
a,172.30.11.5
a,172.30.11.50
a,172.30.11.51
a,172.30.11.52
a,172.30.11.53
a,172.30.11.54
a,172.30.11.55
a,172.30.11.56
a,172.30.11.57
a,172.30.11.6
a,172.30.11.7
a,172.30.11.8
a,172.30.11.9
a,172.30.12.1
a,172.30.12.2
a,172.30.12.3
a,172.30.12.4
a,172.30.12.5
a,172.30.12.6
a,172.30.13.1
a,172.30.13.11
a,172.30.13.12
a,172.30.13.13
a,172.30.13.14
a,172.30.13.15
a,172.30.13.16
a,172.30.13.17
a,172.30.13.18
a,172.30.13.19
a,172.30.13.2
a,172.30.13.20
a,172.30.13.21
a,172.30.13.3
a,172.30.13.4
a,172.30.13.5
a,172.30.13.6
a,172.30.13.7
a,172.30.13.8
a,172.30.13.9