c(200.0, 200.0, 200.0, 200.0, 200.0, 200.0, 200.0, 200.0, 200.0, 200.0, 200.0, 200.0, 200.0, 200.0, 200.0, 200.0)
c(210.0, 202.0, 209.0, 209.0, 210.0, 210.0, 210.0, 210.0, 210.0, 210.0, 210.0, 210.0, 210.0, 200.0, 200.0, 200.0)
c(196.0, 195.0, 196.0, 196.0, 200.0, 200.0, 200.0, 200.0, 200.0, 200.0, 200.0, 200.0, 200.0, 200.0, 200.0, 200.0)
c(180.0, 170.0, 175.0, 175.0, 175.0, 175.0, 175.0, 175.0, 180.0, 180.0, 180.0, 180.0, 175.0, 175.0, 175.0, 175.0)
c(195.0, 190.0, 190.0, 190.0, 190.0, 190.0, 190.0, 190.0, 190.0, 190.0, 190.0, 195.0, 190.0, 195.0, 195.0, 195.0)
c(165.0, 165.0, 165.0, 165.0, 165.0, 165.0, 165.0, 165.0, 165.0, 165.0, 165.0, 165.0, 165.0, 165.0, 165.0, 165.0)
c(136.0, 144.0, 144.0, 144.0, 140.0, 140.0, 140.0, 140.0, 150.0, 150.0, 150.0, 150.0, 150.0, 150.0, 150.0, 150.0)
c(155.0, 155.0, 155.0, 155.0, 155.0, 160.0, 160.0, 160.0, 155.0, 155.0, 155.0, 155.0, 155.0, 155.0, 155.0, 155.0)
c(283.0, 283.0, 283.0, 283.0, 283.0, 283.0, 283.0, 283.0, 283.0, 283.0, 283.0, 283.0, 283.0, 283.0, 283.0, 283.0)
c(216.0, 216.0, 216.0, 216.0, 216.0, 216.0, 216.0, 216.0, 216.0, 216.0, 216.0, 216.0, 216.0, 216.0, 216.0, 216.0)
c(150.0, 150.0, 150.0, 151.0, 151.0, 151.0, 151.0, 152.0, 160.0, 155.0, 155.0, 155.0, 179.0, 179.0, 179.0, 152.0)
c(167.0, 167.0, 167.0, 167.0, 167.0, 167.0, 167.0, 167.0, 167.0, 167.0, 167.0, 167.0, 167.0, 167.0, 167.0, 167.0)
c(293.0, 293.0, 293.0, 293.0, 293.0, 293.0, 293.0, 293.0, 293.0, 293.0, 293.0, 293.0, 293.0, 293.0, 293.0, 293.0)
c(161.0, 161.0, 161.0, 161.0, 161.0, 161.0, 161.0, 168.0, 166.0, 166.0, 166.0, 166.0, 166.0, 166.0, 162.0, 162.0)
c(163.0, 163.0, 163.0, 163.0, 163.0, 163.0, 163.0, 163.0, 163.0, 163.0, 163.0, 163.0, 163.0, 163.0, 163.0, 163.0)
c(217.0, 217.0, 217.0, 217.0, 217.0, 217.0, 217.0, 217.0, 217.0, 217.0, 217.0, 217.0, 217.0, 217.0, 217.0, 218.0)
c(191.0, 191.0, 192.0, 192.0, 192.0, 189.0, 189.0, 189.0, 192.0, 196.0, 192.0, 192.0, 192.0, 190.0, 192.0, 192.0)
c(10.0, 10.0, 10.0, 10.0, 10.0, 10.0, 10.0, 10.0, 10.0, 10.0, 10.0, 10.0, 10.0, 10.0, 10.0, 10.0)
c(120.0, 120.0, 120.0, 120.0, 120.0, 120.0, 120.0, 120.0, 120.0, 120.0, 120.0, 120.0, 120.0, 120.0, 120.0, 120.0)
c(30.0, 30.0, 30.0, 30.0, 30.0, 30.0, 30.0, 30.0, 30.0, 30.0, 30.0, 30.0, 30.0, 30.0, 30.0, 30.0)
c(115.0, 115.0, 115.0, 115.0, 115.0, 115.0, 115.0, 115.0, 115.0, 115.0, 115.0, 115.0, 115.0, 115.0, 115.0, 115.0)
c(180.0, 180.0, 180.0, 180.0, 180.0, 180.0, 180.0, 180.0, 180.0, 180.0, 180.0, 180.0, 180.0, 180.0, 180.0, 180.0)
c(84.0, 84.0, 84.0, 84.0, 84.0, 84.0, 84.0, 84.0, 84.0, 84.0, 84.0, 84.0, 84.0, 84.0, 84.0, 84.0)
c(355.0, 355.0, 355.0, 355.0, 80.0, 80.0, 80.0, 80.0, 80.0, 80.0, 80.0, 80.0, 80.0, 80.0, 80.0, 80.0)
c(196.0, 196.0, 196.0, 196.0, 195.0, 196.5, 198.0, 197.5, 197.0, 196.0, 197.0, 198.0, 196.0, 196.0, 196.0, 196.0)
c(102.0, 102.0, 102.0, 102.0, 102.0, 102.0, 102.0, 102.0, 102.0, 102.0, 102.0, 102.0, 102.0, 102.0, 102.0, 102.0)
c(121.0, 121.0, 121.5, 122.0, 122.0, 121.5, 121.0, 121.0, 125.0, 122.0, 122.5, 123.0, 122.0, 121.0, 120.0, 124.0)
c(211.0, 211.0, 211.0, 211.0, 211.0, 211.0, 211.0, 211.0, 211.0, 211.0, 220.0, 211.0, 211.0, 211.0, 211.0, 211.0)
c(188.0, 186.0, 186.0, 186.0, 186.0, 186.0, 186.0, 186.0, 186.0, 186.0, 186.0, 186.0, 186.0, 186.0, 186.0, 186.0)
c(116.0, 116.0, 116.0, 110.0, 110.0, 112.5, 115.0, 115.0, 115.0, 115.0, 115.0, 131.0, 113.0, 115.0, 115.0, 116.0)
c(100.0, 100.0, 100.0, 100.0, 100.0, 100.5, 101.0, 101.0, 101.0, 101.0, 101.0, 101.0, 101.0, 101.0, 101.0, 101.0)
c(55.0, 56.0, 53.0, 53.0, 56.0, 56.0, 56.0, 56.0, 56.0, 56.0, 58.0, 61.0, 61.0, 61.0, 61.0, 61.0)
c(90.0, 90.0, 90.0, 90.0, 90.0, 90.0, 90.0, 90.0, 90.0, 90.0, 90.0, 90.0, 90.0, 90.0, 90.0, 90.0)
c(293.0, 293.0, 293.0, 293.0, 293.0, 293.0, 293.0, 293.0, 293.0, 293.0, 293.0, 293.0, 293.0, 293.0, 296.0, 296.0)
c(183.0, 182.0, 181.0, 183.0, 183.0, 183.0, 183.0, 183.0, 183.0, 183.0, 183.0, 183.0, 183.0, 183.0, 183.0, 183.0)
c(135.0, 135.0, 135.0, 135.0, 135.0, 135.0, 135.0, 135.0, 135.0, 135.0, 135.0, 135.0, 135.0, 135.0, 135.0, 135.0)
c(2.9, 2.9, 2.9, 2.9, 2.9, 2.9, 2.9, 2.9, 2.9, 2.9, 2.9, 2.9, 2.9, 2.9, 2.9, 2.9)
c(4.7, 4.7, 4.7, 4.7, 4.7, 4.7, 4.7, 4.7, 4.7, 4.7, 4.8, 4.8, 4.8, 4.8, 4.8, 4.8)
c(16.4, 16.4, 16.0, 16.0, 15.0, 14.9, 14.8, 16.3, 14.9, 14.9, 15.1, 16.1, 15.0, 16.5, 16.4, 16.4)
c(4.8, 4.8, 3.0, 3.0, 4.6, 3.0, 3.0, 3.0, 4.9, 4.9, 4.6, 4.6, 4.6, 4.6, 4.6, 4.6)
c(13.1, 13.1, 13.4, 13.4, 13.4, 13.4, 13.5, 13.5, 13.5, 13.5, 13.5, 13.5, 13.5, 13.5, 13.5, 13.5)
c(3.0, 3.0, 3.0, 3.0, 3.0, 3.0, 3.0, 3.0, 3.0, 3.0, 3.0, 3.0, 3.0, 3.0, 3.0, 3.0)
c(17.6, 17.6, 17.6, 17.6, 17.6, 17.6, 17.6, 17.6, 17.6, 17.6, 17.7, 17.7, 17.7, 17.7, 17.7, 17.7)
c(6.6, 6.6, 6.6, 6.6, 6.6, 6.6, 6.6, 6.6, 6.6, 6.6, 6.6, 6.7, 6.7, 6.7, 6.7, 6.7)
c(10.9, 10.9, 11.4, 11.4, 11.4, 11.4, 11.4, 11.4, 11.4, 11.1, 11.1, 11.1, 11.1, 11.1, 11.1, 11.1)
c(3.0, 3.0, 3.5, 3.5, 3.0, 3.0, 3.0, 3.0, 3.0, 3.0, 3.0, 3.0, 3.0, 3.0, 3.0, 3.0)
c(145.0, 145.0, 145.0, 145.0, 145.0, 145.0, 145.0, 145.0, 145.0, 145.0, 145.0, 145.0, 145.0, 145.0, 145.0, 145.0)
c(290.0, 290.0, 290.0, 290.0, 290.0, 290.0, 290.0, 290.0, 290.0, 290.0, 260.0, 260.0, 260.0, 260.0, 260.0, 260.0)
c(24.0, 24.0, 24.0, 24.0, 24.0, 20.0, 20.0, 20.0, 20.0, 20.0, 20.0, 20.0, 20.0, 20.0, 20.0, 20.0)
c(93.0, 93.0, 93.0, 93.0, 93.0, 90.0, 90.0, 90.0, 90.0, 90.0, 90.0, 90.0, 90.0, 90.0, 90.0, 90.0)
c(100.0, 100.0, 100.0, 100.0, 100.0, 100.0, 100.0, 100.0, 100.0, 100.0, 100.0, 100.0, 100.0, 100.0, 100.0, 100.0)
c(200.0, 200.0, 190.0, 200.0, 200.0, 190.0, 190.0, 200.0, 200.0, 240.0, 200.0, 205.0, 205.0, 200.0, 205.0, 200.0)
c(130.0, 130.0, 130.0, 130.0, 130.0, 130.0, 130.0, 130.0, 140.0, 140.0, 140.0, 135.0, 130.0, 130.0, 130.0, 130.0)
c(115.0, 115.0, 115.0, 115.0, 115.0, 110.0, 110.0, 110.0, 110.0, 115.0, 115.0, 115.0, 115.0, 115.0, 115.0, 115.0)
c(81.0, 81.0, 79.0, 79.0, 79.0, 100.0, 80.0, 80.0, 80.0, 80.0, 80.0, 80.0, 100.0, 80.0, 80.0, 80.0)
c(142.0, 142.0, 142.0, 142.0, 142.0, 140.0, 140.0, 140.0, 140.0, 140.0, 140.0, 140.0, 140.0, 140.0, 140.0, 140.0)
c(3.7, 3.7, 3.9, 3.5, 3.9, 3.85, 3.8, 3.7, 4.9, 4.9, 4.2, 5.2, 5.1, 3.6, 3.6, 3.9)
c(3.0, 3.0, 3.0, 3.0, 3.0, 3.0, 3.0, 3.0, 3.0, 3.0, 3.0, 3.0, 3.0, 3.0, 3.0, 3.0)
c(8.1, 8.1, 8.1, 8.1, 8.1, 8.1, 8.1, 8.1, 8.1, 8.1, 8.1, 8.1, 8.1, 8.1, 8.1, 8.1)
c(7.6, 7.6, 7.6, 7.6, 7.6, 7.6, 7.6, 7.6, 7.6, 7.6, 7.6, 7.6, 7.6, 7.6, 7.7, 7.5)
c(8.0, 8.0, 7.5, 7.5, 7.5, 7.5, 7.5, 7.5, 7.5, 7.5, 7.5, 8.5, 12.0, 8.0, 8.0, 8.0)
c(10.1, 10.1, 10.3, 10.3, 10.3, 10.3, 10.3, 10.5, 10.2, 10.3, 10.9, 10.3, 10.8, 10.3, 11.3, 10.3)
c(19.0, 19.0, 19.0, 19.0, 19.0, 19.0, 19.0, 19.0, 19.0, 19.0, 19.0, 19.0, 19.0, 19.0, 19.0, 19.0)
c(6.1, 6.1, 6.1, 6.1, 6.1, 6.2, 6.3, 6.3, 6.3, 6.0, 6.0, 6.0, 6.0, 6.0, 6.0, 6.0)
c(9.6, 9.6, 9.6, 9.6, 9.6, 9.6, 9.6, 9.6, 9.6, 9.6, 9.6, 9.6, 9.6, 9.6, 9.6, 9.6)
c(10.1, 9.7, 9.7, 9.7, 9.7, 9.7, 9.7, 9.7, 9.6, 9.6, 9.6, 9.6, 9.6, 9.6, 9.6, 9.6)
c(6.2, 6.2, 5.0, 5.0, 5.1, 5.1, 5.1, 5.1, 5.1, 5.6, 5.6, 5.6, 4.9, 4.9, 4.9, 4.9)
c(14.7, 14.7, 14.8, 14.8, 14.8, 14.8, 14.8, 14.8, 14.8, 14.8, 14.8, 14.8, 4.8, 4.8, 4.8, 4.8)
c(7.5, 7.5, 7.4, 7.4, 7.6, 7.4, 7.3, 7.3, 7.3, 7.6, 7.5, 7.4, 7.4, 7.4, 7.7, 7.7)
c(5.1, 5.1, 5.1, 5.1, 5.0, 5.0, 5.0, 5.0, 5.0, 5.0, 5.1, 5.2, 5.1, 5.1, 5.0, 5.0)
c(0.5, 0.5, 1.4, 1.4, 1.4, 1.4, 1.4, 1.4, 1.4, 1.4, 1.4, 1.4, 1.4, 1.4, 1.4, 1.4)
c(1.9, 1.9, 1.1, 1.1, 1.1, 1.0, 1.0, 1.0, 1.1, 1.1, 1.1, 1.1, 1.1, 1.1, 1.4, 1.4)
c(3.0, 3.0, 3.0, 3.0, 3.0, 3.0, 3.0, 3.0, 3.0, 3.0, 3.0, 3.0, 3.0, 3.0, 3.0, 3.0)
c(11.1, 11.1, 10.9, 10.9, 10.9, 10.9, 11.2, 11.2, 11.2, 11.2, 11.2, 11.2, 11.1, 11.1, 11.1, 11.1)
c(5.3, 5.3, 6.3, 6.3, 6.3, 6.3, 6.3, 6.2, 6.3, 6.3, 6.3, 6.3, 6.1, 6.1, 6.1, 6.1)
c(8.0, 8.0, 8.0, 8.0, 8.0, 8.0, 8.0, 8.0, 8.0, 8.0, 8.0, 8.0, 8.0, 8.0, 8.0, 8.0)
c(10.0, 10.0, 10.0, 10.0, 10.0, 10.0, 10.0, 10.0, 10.0, 10.0, 10.0, 10.0, 10.0, 10.0, 10.0, 10.0)
c(15.0, 15.0, 15.0, 15.0, 15.0, 15.0, 15.0, 15.0, 15.0, 15.0, 15.0, 15.0, 15.0, 15.0, 15.0, 15.0)
c(12.0, 12.0, 12.0, 12.0, 12.0, 12.0, 12.0, 12.0, 12.0, 12.0, 12.0, 12.0, 12.0, 12.0, 12.0, 12.0)
c(5.0, 5.0, 5.0, 5.0, 5.0, 5.0, 5.0, 5.0, 5.0, 5.0, 5.0, 5.0, 5.0, 5.0, 5.0, 5.0)
c(20.0, 20.0, 20.0, 20.0, 20.0, 20.0, 20.0, 20.0, 20.0, 20.0, 20.0, 20.0, 20.0, 20.0, 20.0, 20.0)
c(7.0, 7.0, 6.0, 6.0, 6.0, 6.0, 6.0, 6.0, 6.0, 6.0, 6.0, 6.0, 6.0, 6.0, 6.0, 6.0)
c(6.0, 6.0, 6.0, 6.0, 6.0, 6.0, 6.0, 6.0, 6.0, 6.0, 6.0, 6.0, 6.0, 6.0, 6.0, 6.0)
c(4.0, 4.0, 4.0, 4.0, 4.0, 4.0, 4.0, 4.0, 4.0, 4.0, 4.0, 4.0, 4.0, 4.0, 4.0, 4.0)
c(9.0, 9.0, 9.0, 9.0, 9.0, 9.0, 9.0, 9.0, 9.0, 9.0, 9.0, 9.0, 9.0, 9.0, 9.0, 9.0)
c(190.0, 200.0, 200.0, 200.0, 205.0, 202.5, 200.0, 195.0, 195.0, 200.0, 200.0, 200.0, 200.0, 200.0, 200.0, 200.0)
c(160.0, 160.0, 160.0, 160.0, 160.0, 160.0, 160.0, 160.0, 160.0, 160.0, 160.0, 160.0, 160.0, 160.0, 160.0, 160.0)
c(300.0, 300.0, 300.0, 300.0, 300.0, 300.0, 300.0, 300.0, 300.0, 300.0, 300.0, 305.0, 305.0, 305.0, 305.0, 305.0)
c(320.0, 320.0, 330.0, 327.5, 325.0, 325.0, 325.0, 325.0, 325.0, 325.0, 325.0, 325.0, 325.0, 325.0, 325.0, 325.0)
c(260.0, 260.0, 260.0, 265.0, 265.0, 265.0, 265.0, 265.0, 260.0, 265.0, 265.0, 265.0, 265.0, 265.0, 275.0, 275.0)
c(87.0, 87.0, 86.0, 86.0, 90.0, 90.0, 90.0, 90.0, 90.0, 90.0, 90.0, 90.0, 90.0, 90.0, 90.0, 90.0)
c(100.0, 100.0, 100.0, 100.0, 100.0, 100.0, 100.0, 100.0, 100.0, 100.0, 100.0, 100.0, 100.0, 100.0, 100.0, 100.0)
c(35.0, 35.0, 35.0, 35.0, 35.0, 35.0, 35.0, 35.0, 35.0, 35.0, 35.0, 35.0, 35.0, 35.0, 35.0, 35.0)
c(125.0, 125.0, 125.0, 125.0, 125.0, 125.0, 125.0, 125.0, 125.0, 125.0, 125.0, 125.0, 125.0, 125.0, 125.0, 125.0)
c(175.0, 180.0, 175.0, 180.0, 180.0, 177.5, 175.0, 175.0, 180.0, 185.0, 185.0, 185.0, 185.0, 175.0, 180.0, 175.0)
c(155.0, 155.0, 155.0, 155.0, 160.0, 160.0, 160.0, 160.0, 160.0, 160.0, 160.0, 160.0, 160.0, 160.0, 160.0, 160.0)
c(180.0, 175.0, 175.0, 175.0, 175.0, 175.0, 175.0, 175.0, 175.0, 175.0, 175.0, 175.0, 175.0, 175.0, 175.0, 175.0)
c(170.0, 170.0, 170.0, 170.0, 170.0, 170.0, 170.0, 170.0, 170.0, 170.0, 170.0, 170.0, 170.0, 170.0, 170.0, 170.0)
c(85.0, 85.0, 85.0, 85.0, 85.0, 85.0, 85.0, 85.0, 85.0, 85.0, 85.0, 85.0, 85.0, 85.0, 85.0, 85.0)
c(165.0, 165.0, 165.0, 165.0, 165.0, 165.0, 165.0, 165.0, 165.0, 165.0, 165.0, 165.0, 165.0, 165.0, 165.0, 165.0)
c(3.0, 3.0, 3.0, 3.0, 3.0, 3.0, 3.0, 3.0, 3.0, 3.0, 3.0, 3.0, 3.0, 3.0, 3.0, 3.0)
c(10.0, 10.0, 10.0, 10.0, 10.0, 10.0, 10.0, 10.0, 10.0, 10.0, 10.0, 10.0, 10.0, 10.0, 10.0, 10.0)
c(14.0, 14.0, 14.0, 14.0, 14.0, 14.0, 14.0, 14.0, 14.0, 14.0, 14.0, 14.0, 14.0, 14.0, 14.0, 14.0)
c(11.0, 11.0, 11.0, 11.0, 11.0, 11.0, 11.0, 11.0, 11.0, 11.0, 11.0, 11.0, 11.0, 11.0, 11.0, 11.0)
c(12.1, 12.1, 12.1, 12.1, 12.1, 12.1, 12.1, 12.1, 12.2, 12.4, 12.4, 12.4, 12.4, 12.4, 12.4, 12.1)
c(7.4, 7.4, 7.4, 7.4, 7.4, 7.4, 7.4, 7.4, 7.4, 7.4, 7.4, 7.6, 7.6, 7.6, 7.6, 7.6)
c(18.3, 18.3, 18.3, 18.3, 18.45, 18.6, 18.6, 18.6, 18.6, 18.6, 18.4, 18.4, 18.4, 18.4, 18.4, 18.6)
c(6.0, 6.1, 6.1, 6.1, 6.1, 6.1, 6.1, 6.1, 6.1, 6.1, 6.1, 6.1, 6.1, 6.1, 6.1, 6.1)
c(13.2, 13.2, 13.2, 13.2, 13.2, 13.2, 13.1, 13.4, 13.1, 13.3, 13.5, 13.5, 13.1, 13.3, 13.4, 13.4)
c(9.8, 9.8, 9.8, 9.8, 9.8, 9.8, 9.8, 9.8, 13.5, 13.5, 13.3, 13.2, 13.2, 13.2, 13.2, 13.2)
c(4.4, 4.4, 4.4, 4.4, 4.4, 4.4, 4.4, 4.4, 4.9, 4.9, 4.7, 4.7, 4.7, 4.7, 4.7, 4.7)
c(16.7, 16.7, 16.7, 16.7, 16.8, 16.9, 16.9, 16.9, 16.9, 16.9, 16.9, 16.9, 16.9, 16.9, 18.0, 16.6)
c(13.0, 13.0, 13.0, 13.0, 13.0, 13.0, 13.0, 13.0, 13.0, 13.0, 13.0, 12.9, 13.5, 13.5, 13.0, 13.0)
c(15.9, 15.9, 16.0, 16.0, 16.0, 16.0, 16.0, 16.0, 16.0, 16.4, 16.4, 16.4, 16.4, 16.4, 16.4, 16.6)
c(18.9, 18.9, 18.9, 18.9, 18.9, 18.9, 18.9, 18.9, 18.9, 18.9, 18.9, 18.9, 18.9, 19.0, 18.9, 19.0)
c(25.5, 25.5, 25.5, 25.5, 25.5, 25.5, 25.5, 25.5, 25.5, 25.5, 25.5, 25.5, 25.5, 25.5, 25.5, 25.5)
c(4.6, 3.5, 3.5, 3.5, 3.5, 3.5, 4.6, 4.8, 4.8, 4.8, 4.8, 4.8, 3.3, 3.3, 2.9, 2.9)
c(3.0, 3.0, 3.0, 3.0, 3.0, 3.0, 3.0, 3.0, 3.0, 3.0, 3.0, 3.0, 3.0, 3.0, 3.0, 3.0)
c(17.4, 17.4, 17.4, 17.4, 17.4, 17.4, 17.4, 17.4, 17.4, 17.4, 17.4, 18.1, 18.1, 18.1, 18.1, 18.1)
c(18.5, 18.5, 18.5, 18.5, 18.5, 18.5, 18.5, 18.5, 18.5, 18.5, 18.5, 18.5, 18.5, 18.5, 18.5, 18.5)
c(300.0, 300.0, 300.0, 300.0, 300.0, 300.0, 300.0, 300.0, 300.0, 300.0, 300.0, 300.0, 300.0, 300.0, 300.0, 300.0)
c(165.0, 175.0, 170.0, 170.0, 170.0, 170.0, 170.0, 170.0, 170.0, 170.0, 170.0, 170.0, 170.0, 170.0, 170.0, 170.0)
c(305.0, 305.0, 305.0, 305.0, 305.0, 305.0, 305.0, 305.0, 305.0, 305.0, 305.0, 305.0, 305.0, 305.0, 305.0, 305.0)
c(265.0, 265.0, 265.0, 265.0, 265.0, 265.0, 265.0, 265.0, 265.0, 265.0, 265.0, 265.0, 265.0, 292.5, 320.0, 320.0)
c(210.0, 210.0, 210.0, 210.0, 210.0, 210.0, 210.0, 210.0, 210.0, 210.0, 210.0, 210.0, 210.0, 210.0, 210.0, 210.0)
c(130.0, 130.0, 130.0, 130.0, 130.0, 130.0, 130.0, 130.0, 130.0, 130.0, 130.0, 130.0, 130.0, 130.0, 130.0, 130.0)
c(330.0, 330.0, 325.0, 325.0, 325.0, 325.0, 325.0, 330.0, 330.0, 330.0, 330.0, 330.0, 330.0, 330.0, 330.0, 330.0)
c(145.0, 145.0, 140.0, 140.0, 140.0, 140.0, 140.0, 140.0, 140.0, 140.0, 140.0, 140.0, 140.0, 140.0, 140.0, 145.0)
c(11.0, 11.0, 11.0, 11.0, 11.0, 11.0, 11.0, 11.0, 11.0, 11.0, 11.0, 11.0, 11.0, 11.0, 11.0, 11.0)
c(3.0, 3.0, 3.0, 3.0, 3.0, 3.0, 3.0, 3.0, 3.0, 3.0, 3.0, 3.0, 3.0, 3.0, 3.0, 3.0)
c(15.0, 15.0, 15.0, 15.0, 15.0, 15.0, 15.0, 14.0, 14.0, 14.0, 14.0, 14.0, 14.0, 14.0, 15.0, 15.0)
c(14.0, 14.0, 14.0, 14.0, 14.0, 14.0, 14.0, 14.0, 14.0, 14.0, 14.0, 14.0, 14.0, 15.0, 15.0, 15.0)
c(11.0, 11.0, 11.0, 11.0, 11.0, 11.0, 11.0, 12.0, 11.0, 12.0, 11.0, 11.0, 11.5, 12.0, 12.0, 12.0)
c(14.0, 14.0, 14.0, 14.0, 14.0, 14.0, 14.0, 14.0, 14.0, 14.0, 14.0, 14.0, 14.0, 14.0, 14.0, 14.0)
c(17.0, 17.0, 17.0, 17.0, 17.0, 17.0, 17.0, 17.0, 17.0, 17.0, 17.0, 17.0, 17.0, 17.0, 17.0, 17.0)
c(7.0, 7.0, 7.0, 7.0, 7.0, 7.0, 7.0, 7.0, 7.0, 7.0, 7.0, 7.0, 7.0, 7.0, 7.0, 7.0)
c(21.0, 21.0, 21.0, 21.0, 21.0, 21.0, 21.0, 21.0, 21.0, 21.0, 21.0, 21.0, 21.0, 21.0, 21.0, 21.0)
c(1.8, 1.8, 1.8, 1.8, 1.8, 1.8, 1.8, 1.8, 2.1, 2.1, 2.1, 2.1, 2.1, 2.1, 2.1, 2.1)
c(7.4, 7.4, 7.0, 7.0, 7.0, 7.0, 7.0, 7.0, 7.0, 7.0, 7.0, 7.0, 7.0, 7.0, 7.0, 7.0)
c(6.6, 6.6, 6.7, 6.5, 6.5, 6.5, 6.5, 6.5, 6.5, 6.5, 6.5, 6.5, 6.5, 6.6, 26.4, 6.0)
c(3.9, 3.9, 3.9, 3.9, 3.9, 3.9, 3.9, 3.9, 3.9, 3.9, 3.9, 3.9, 3.9, 3.9, 3.9, 3.9)
c(3.2, 3.2, 3.2, 3.2, 3.2, 3.2, 3.2, 3.2, 3.2, 3.2, 3.2, 3.0, 3.0, 3.0, 3.0, 3.0)
c(14.6, 14.6, 14.5, 14.5, 14.5, 14.3, 14.3, 14.7, 14.3, 14.3, 14.4, 14.6, 14.8, 14.4, 14.4, 14.7)
c(3.4, 3.4, 3.7, 3.7, 3.7, 3.7, 3.7, 3.7, 3.7, 3.7, 3.7, 3.7, 3.7, 3.7, 3.7, 3.7)
c(1.9, 1.9, 2.1, 2.1, 2.1, 2.1, 2.1, 2.1, 2.1, 2.0, 2.0, 2.1, 2.1, 2.1, 2.1, 2.1)
c(11.0, 11.0, 11.0, 11.0, 11.0, 11.0, 11.0, 11.0, 11.0, 11.0, 11.0, 11.0, 11.0, 11.0, 11.0, 11.0)
c(30.0, 30.0, 30.0, 30.0, 30.0, 30.0, 29.8, 29.8, 29.8, 30.1, 30.0, 30.0, 29.9, 29.8, 29.4, 29.5)
c(18.5, 18.5, 18.5, 18.5, 18.5, 18.5, 18.5, 18.5, 18.5, 18.5, 18.5, 18.5, 18.5, 18.5, 12.1, 5.7)
c(11.8, 11.8, 11.9, 11.9, 11.8, 11.8, 11.8, 11.8, 11.6, 11.7, 11.8, 11.8, 12.0, 12.1, 12.1, 12.1)
c(10.7, 10.7, 10.7, 10.7, 10.7, 10.7, 10.7, 10.7, 10.7, 10.7, 10.7, 10.7, 10.7, 10.7, 10.7, 10.7)
c(1.4, 1.4, 1.4, 1.4, 1.4, 1.4, 1.4, 1.4, 1.4, 1.4, 1.4, 1.4, 1.4, 1.4, 1.4, 1.4)
c(7.6, 7.6, 6.7, 6.7, 6.7, 6.7, 6.7, 6.7, 6.7, 6.7, 6.7, 6.7, 6.7, 6.7, 6.7, 6.7)
c(9.6, 9.3, 7.6, 7.6, 7.6, 7.6, 7.6, 7.6, 7.6, 7.6, 7.6, 7.3, 7.3, 7.3, 7.3, 7.3)
c(8.8, 6.0, 8.6, 6.1, 6.1, 6.1, 6.1, 6.1, 6.2, 6.2, 6.2, 6.2, 6.2, 6.2, 6.1, 6.1)
c(16.8, 16.6, 15.2, 15.2, 15.0, 15.0, 15.0, 15.0, 16.9, 16.9, 16.9, 16.9, 16.9, 16.9, 16.9, 16.9)
c(11.8, 11.6, 11.0, 10.5, 10.5, 10.5, 10.5, 10.5, 12.2, 12.2, 12.2, 12.2, 12.2, 12.2, 12.2, 12.2)
c(9.0, 9.0, 9.0, 9.0, 9.0, 9.0, 9.0, 9.0, 9.0, 9.0, 9.0, 9.0, 9.0, 9.0, 9.05, 9.1)
c(16.4, 16.4, 16.4, 16.4, 16.4, 16.4, 16.4, 16.15, 15.9, 15.9, 15.9, 15.9, 15.9, 15.8, 15.8, 15.8)
c(3.0, 3.0, 3.0, 3.0, 3.0, 3.0, 3.0, 3.0, 3.0, 3.0, 3.0, 3.0, 3.0, 3.0, 3.0, 3.0)
c(11.2, 11.1, 11.0, 11.2, 11.2, 11.2, 11.2, 11.2, 11.2, 11.2, 11.2, 11.2, 11.2, 11.2, 11.2, 11.2)
c(1.1, 1.1, 1.1, 1.1, 0.5, 0.5, 0.5, 0.5, 0.5, 0.5, 0.5, 0.5, 0.5, 0.5, 0.5, 0.5)
c(1.0, 1.0, 1.0, 1.0, 1.0, 1.05, 1.1, 1.1, 1.1, 1.1, 1.1, 1.1, 1.1, 1.1, 1.1, 1.1)
c(5.2, 5.2, 5.2, 5.2, 5.2, 5.2, 5.2, 5.2, 5.2, 5.2, 5.2, 5.2, 5.2, 5.2, 5.2, 5.2)
c(70.0, 70.0, 70.0, 70.0, 75.0, 80.0, 80.0, 80.0, 80.0, 80.0, 80.0, 80.0, 80.0, 80.0, 80.0, 80.0)
c(410.0, 410.0, 415.0, 415.0, 415.0, 415.0, 415.0, 415.0, 415.0, 415.0, 415.0, 415.0, 415.0, 415.0, 415.0, 415.0)
c(370.0, 370.0, 370.0, 370.0, 370.0, 370.0, 370.0, 360.0, 380.0, 380.0, 380.0, 380.0, 380.0, 375.0, 370.0, 370.0)
c(405.0, 405.0, 405.0, 405.0, 405.0, 405.0, 405.0, 405.0, 405.0, 405.0, 405.0, 405.0, 405.0, 405.0, 407.5, 410.0)
c(180.0, 180.0, 180.0, 180.0, 185.0, 180.0, 185.0, 182.5, 180.0, 180.0, 182.5, 185.0, 185.0, 185.0, 180.0, 185.0)
c(245.0, 245.0, 245.0, 245.0, 245.0, 245.0, 245.0, 245.0, 240.0, 245.0, 245.0, 245.0, 245.0, 245.0, 245.0, 245.0)
c(290.0, 290.0, 290.0, 290.0, 290.0, 290.0, 290.0, 290.0, 290.0, 290.0, 290.0, 290.0, 290.0, 290.0, 290.0, 290.0)
c(265.0, 265.0, 265.0, 270.0, 270.0, 270.0, 270.0, 265.0, 270.0, 270.0, 270.0, 270.0, 270.0, 265.0, 270.0, 275.0)
c(395.0, 395.0, 400.0, 395.0, 395.0, 400.0, 405.0, 405.0, 405.0, 405.0, 405.0, 405.0, 405.0, 405.0, 405.0, 405.0)
c(403.0, 403.0, 403.0, 403.0, 403.0, 400.0, 400.0, 400.0, 400.0, 400.0, 400.0, 400.0, 400.0, 400.0, 400.0, 400.0)
c(13.0, 13.0, 12.0, 12.0, 12.0, 12.0, 12.0, 12.0, 12.0, 12.0, 12.0, 12.0, 12.0, 12.0, 12.0, 12.0)
c(5.0, 5.0, 5.0, 5.0, 5.0, 5.0, 5.0, 5.0, 5.0, 5.0, 5.0, 5.0, 5.0, 5.0, 5.0, 5.0)
c(22.0, 22.0, 21.0, 21.0, 21.0, 21.0, 21.0, 21.0, 21.0, 22.0, 22.0, 22.0, 22.0, 22.0, 22.0, 22.0)
c(31.0, 31.0, 31.0, 31.0, 31.0, 31.0, 31.0, 31.0, 31.0, 31.0, 31.0, 31.0, 31.0, 31.0, 31.0, 31.0)
c(23.0, 24.0, 24.0, 24.0, 24.0, 23.5, 23.0, 23.0, 23.0, 23.0, 23.0, 23.0, 23.0, 23.0, 23.0, 23.0)
c(70.0, 70.0, 70.0, 70.0, 70.0, 70.0, 70.0, 70.0, 70.0, 70.0, 70.0, 70.0, 70.0, 70.0, 70.0, 70.0)
c(170.0, 185.0, 170.0, 170.0, 180.0, 180.0, 180.0, 170.0, 170.0, 185.0, 185.0, 185.0, 185.0, 170.0, 170.0, 170.0)
c(120.0, 120.0, 120.0, 120.0, 120.0, 120.0, 120.0, 120.0, 120.0, 120.0, 120.0, 120.0, 120.0, 120.0, 120.0, 120.0)
c(230.0, 230.0, 230.0, 230.0, 230.0, 230.0, 230.0, 230.0, 230.0, 230.0, 230.0, 230.0, 230.0, 230.0, 230.0, 230.0)
c(120.0, 120.0, 120.0, 120.0, 120.0, 117.5, 115.0, 115.0, 115.0, 115.0, 115.0, 115.0, 115.0, 115.0, 115.0, 115.0)
c(190.0, 190.0, 190.0, 190.0, 190.0, 190.0, 190.0, 190.0, 190.0, 190.0, 190.0, 190.0, 190.0, 190.0, 190.0, 190.0)
c(210.0, 210.0, 210.0, 210.0, 210.0, 210.0, 210.0, 210.0, 210.0, 210.0, 210.0, 210.0, 210.0, 210.0, 210.0, 210.0)
c(135.0, 135.0, 135.0, 135.0, 135.0, 135.0, 135.0, 135.0, 135.0, 135.0, 135.0, 135.0, 135.0, 135.0, 135.0, 135.0)
c(3.0, 3.0, 3.0, 3.0, 3.0, 3.0, 3.0, 3.0, 3.0, 3.0, 3.0, 3.0, 3.0, 3.0, 3.0, 3.0)
c(9.4, 9.4, 9.5, 9.6, 9.7, 9.8, 10.0, 9.7, 9.9, 9.9, 9.9, 10.0, 10.0, 10.0, 9.7, 9.7)
c(8.1, 7.2, 7.4, 7.4, 7.4, 7.4, 7.4, 7.4, 6.9, 7.2, 7.2, 7.2, 7.2, 8.7, 8.7, 7.7)
c(5.5, 3.8, 13.8, 12.4, 11.0, 11.0, 11.0, 11.0, 11.0, 11.0, 11.0, 11.0, 8.15, 5.3, 5.3, 5.3)
c(7.2, 6.1, 6.2, 6.2, 6.2, 7.4, 7.4, 7.4, 7.4, 7.4, 7.4, 7.4, 7.4, 7.4, 7.4, 7.4)
c(3.4, 3.4, 3.4, 3.4, 3.4, 3.4, 3.4, 3.4, 3.4, 3.4, 3.4, 3.4, 3.4, 3.4, 3.4, 3.4)
c(6.9, 6.7, 5.5, 5.5, 5.5, 6.8, 6.9, 8.0, 6.8, 6.7, 6.7, 6.7, 6.7, 6.9, 7.6, 6.9)
c(5.8, 5.8, 5.8, 5.8, 5.8, 5.8, 5.8, 5.8, 5.8, 5.8, 5.8, 5.8, 5.8, 5.8, 5.8, 5.8)
c(17.8, 17.8, 18.0, 18.0, 18.0, 18.0, 17.9, 17.9, 17.9, 17.9, 17.9, 17.9, 17.9, 17.9, 17.9, 17.9)
c(17.0, 17.0, 17.0, 17.0, 14.1, 11.2, 11.0, 11.0, 11.0, 11.0, 11.0, 11.0, 11.0, 11.2, 11.1, 11.1)
c(13.2, 13.2, 13.4, 13.4, 13.4, 13.4, 13.4, 13.4, 13.4, 13.4, 13.4, 13.4, 13.4, 13.4, 13.4, 13.4)
c(6.7, 6.5, 6.5, 6.5, 6.5, 6.5, 6.5, 6.5, 6.5, 6.5, 6.5, 6.5, 6.5, 6.5, 6.5, 6.6)
c(10.2, 10.2, 10.2, 10.3, 10.3, 10.3, 10.1, 10.1, 10.3, 10.3, 10.3, 10.3, 10.3, 10.3, 10.3, 10.3)
c(11.7, 11.7, 11.7, 11.7, 11.7, 11.7, 11.7, 11.7, 11.7, 11.7, 11.7, 11.7, 11.7, 11.7, 11.7, 11.7)
c(6.2, 6.2, 6.2, 6.2, 6.2, 6.2, 6.2, 6.2, 6.2, 6.2, 6.2, 6.2, 6.1, 6.1, 6.1, 6.1)
c(15.0, 15.0, 15.0, 15.0, 15.0, 15.0, 15.0, 15.0, 15.0, 15.0, 16.0, 17.0, 15.0, 15.0, 15.0, 15.0)
c(24.0, 24.0, 23.0, 23.0, 23.0, 23.0, 23.0, 23.0, 24.0, 24.0, 24.0, 24.0, 24.0, 23.0, 23.0, 23.0)
c(3.0, 3.0, 3.0, 3.0, 3.0, 3.0, 3.0, 3.0, 3.0, 3.0, 3.0, 3.0, 3.0, 3.0, 3.0, 3.0)
c(20.0, 20.0, 20.0, 20.0, 20.0, 20.0, 20.0, 19.0, 19.0, 19.0, 19.0, 19.0, 19.0, 19.0, 19.0, 19.0)
c(23.0, 23.0, 23.0, 23.0, 23.0, 23.0, 23.0, 23.0, 23.0, 23.0, 23.0, 23.0, 23.0, 23.0, 23.0, 23.0)
c(17.0, 17.0, 17.0, 17.0, 17.0, 17.0, 17.0, 17.0, 17.0, 17.0, 17.0, 17.0, 17.0, 17.0, 17.0, 17.0)
c(295.0, 295.0, 295.0, 295.0, 295.0, 295.0, 295.0, 295.0, 295.0, 295.0, 295.0, 295.0, 295.0, 295.0, 295.0, 295.0)
c(302.0, 302.0, 300.0, 302.0, 304.0, 304.0, 304.0, 304.0, 304.0, 304.0, 304.0, 300.0, 300.0, 300.0, 300.0, 300.0)
c(363.0, 363.0, 344.0, 351.0, 358.0, 352.0, 352.0, 352.0, 352.0, 352.0, 352.0, 352.0, 352.0, 341.0, 343.0, 343.0)
c(277.0, 277.0, 278.0, 278.0, 278.0, 278.0, 278.0, 277.0, 302.0, 278.0, 278.0, 278.0, 279.0, 278.0, 279.0, 279.0)
c(315.0, 315.0, 310.0, 310.0, 310.0, 310.0, 310.0, 310.0, 310.0, 310.0, 310.0, 310.0, 310.0, 315.0, 310.0, 310.0)
c(286.0, 286.0, 286.0, 286.0, 286.0, 286.0, 286.0, 286.0, 286.0, 286.0, 286.0, 286.0, 286.0, 286.0, 286.0, 286.0)
c(165.0, 165.0, 165.0, 165.0, 165.0, 165.0, 165.0, 165.0, 165.0, 165.0, 165.0, 165.0, 165.0, 165.0, 165.0, 165.0)
c(274.0, 274.0, 279.0, 278.5, 278.0, 274.0, 274.0, 276.0, 279.0, 274.0, 276.0, 278.0, 277.0, 275.0, 275.0, 275.0)
c(270.0, 270.0, 270.0, 270.0, 270.0, 270.0, 270.0, 270.0, 270.0, 270.0, 270.0, 270.0, 270.0, 270.0, 270.0, 270.0)
c(5.8, 5.8, 5.8, 5.8, 5.8, 5.8, 5.9, 5.9, 5.9, 5.9, 5.9, 5.9, 5.9, 6.0, 6.1, 6.1)
c(15.3, 15.3, 15.3, 15.1, 15.1, 15.0, 15.0, 15.0, 15.1, 15.1, 15.1, 15.6, 15.4, 15.3, 15.4, 15.3)
c(18.0, 18.0, 17.7, 17.7, 18.1, 17.6, 17.6, 17.6, 18.1, 18.1, 18.1, 18.1, 18.0, 17.9, 17.9, 17.9)
c(19.2, 19.2, 19.2, 19.2, 19.2, 19.2, 19.2, 19.2, 19.2, 19.2, 19.2, 19.2, 19.2, 19.2, 18.9, 18.9)
c(12.9, 12.9, 12.9, 12.9, 12.9, 12.9, 12.9, 12.9, 12.9, 12.9, 12.9, 12.9, 12.9, 12.9, 12.9, 12.9)
c(16.8, 16.8, 16.8, 16.8, 17.1, 17.1, 17.1, 17.1, 17.1, 16.8, 16.8, 16.8, 16.8, 16.8, 16.8, 16.8)
c(10.3, 10.3, 10.3, 10.3, 10.3, 10.3, 10.3, 10.3, 10.3, 10.3, 10.3, 10.3, 10.3, 10.3, 10.3, 10.3)
c(7.3, 7.3, 7.3, 6.5, 8.1, 8.1, 8.1, 8.1, 8.1, 8.1, 8.1, 8.1, 8.1, 8.1, 6.5, 6.5)
c(4.3, 4.3, 4.3, 4.3, 4.3, 4.5, 4.5, 4.5, 4.5, 4.5, 4.5, 4.5, 4.4, 4.4, 4.4, 4.5)
c(3.0, 3.0, 3.0, 3.0, 3.0, 3.0, 3.0, 3.0, 3.0, 3.0, 3.0, 3.0, 3.0, 3.0, 3.0, 3.0)
c(7.5, 7.5, 7.0, 7.0, 7.0, 7.0, 7.0, 7.0, 7.0, 7.0, 7.0, 7.0, 7.0, 7.0, 7.0, 7.0)
c(15.8, 15.8, 15.8, 15.8, 15.8, 15.8, 15.8, 15.8, 15.8, 15.8, 15.8, 15.8, 15.8, 15.8, 15.8, 15.8)
c(14.9, 14.9, 15.0, 15.0, 15.0, 15.0, 15.0, 15.0, 15.2, 15.0, 15.0, 15.0, 15.0, 14.8, 15.0, 15.0)
c(7.9, 7.9, 7.9, 7.9, 7.9, 7.9, 7.9, 7.9, 7.9, 7.9, 7.9, 7.9, 7.9, 7.9, 7.9, 7.9)
c(12.2, 12.2, 12.3, 12.3, 12.3, 12.3, 12.3, 12.3, 12.3, 12.3, 12.3, 12.3, 12.3, 12.3, 12.3, 12.3)
c(10.1, 10.1, 10.1, 10.1, 10.1, 10.1, 10.1, 10.1, 10.1, 10.0, 10.0, 10.0, 10.1, 9.8, 9.8, 9.4)
c(6.4, 6.4, 6.4, 6.4, 6.4, 6.4, 6.4, 6.4, 6.6, 6.6, 6.6, 6.6, 6.6, 6.6, 6.6, 6.5)
c(17.0, 17.0, 17.0, 17.0, 17.0, 17.0, 17.0, 17.0, 17.0, 17.0, 17.0, 17.0, 17.0, 17.0, 17.0, 17.0)
c(9.0, 9.0, 9.0, 9.0, 9.0, 9.0, 9.0, 9.0, 9.0, 9.0, 9.0, 9.0, 9.0, 10.5, 12.0, 12.0)
c(13.0, 13.0, 13.0, 13.0, 13.0, 14.0, 14.0, 14.0, 14.0, 14.0, 14.0, 14.0, 14.0, 14.0, 14.0, 14.0)
c(10.0, 10.0, 10.0, 10.0, 10.0, 10.0, 10.0, 10.0, 10.0, 10.0, 10.0, 10.0, 10.0, 10.0, 10.0, 10.0)
c(15.0, 15.0, 15.0, 15.0, 15.0, 15.0, 15.0, 15.0, 15.0, 15.0, 15.0, 15.0, 15.0, 15.0, 15.0, 15.0)
c(43.0, 43.0, 43.0, 43.0, 43.0, 43.0, 43.0, 43.0, 43.0, 43.0, 43.0, 43.0, 43.0, 43.0, 43.0, 43.0)
c(11.0, 11.0, 11.0, 11.0, 11.0, 11.0, 11.0, 11.0, 11.0, 11.0, 11.0, 11.0, 11.0, 11.0, 11.0, 11.0)
c(21.0, 21.0, 20.0, 20.0, 20.0, 20.0, 20.0, 20.0, 20.0, 20.0, 21.0, 21.0, 21.0, 21.0, 21.0, 21.0)
c(3.0, 3.0, 3.0, 3.0, 3.0, 3.0, 3.0, 3.0, 3.0, 3.0, 3.0, 3.0, 3.0, 3.0, 3.0, 3.0)
c(12.0, 12.0, 9.6, 9.6, 10.4, 10.4, 10.4, 10.4, 10.4, 11.2, 11.2, 11.2, 9.6, 9.6, 9.6, 9.6)
c(5.1, 5.1, 5.1, 5.1, 5.5, 5.5, 5.5, 5.5, 5.4, 5.3, 5.3, 5.3, 5.3, 5.3, 5.4, 5.4)
c(3.0, 3.0, 3.0, 3.0, 3.0, 3.0, 3.0, 3.0, 3.0, 3.0, 3.0, 3.0, 3.0, 3.0, 3.0, 3.0)
c(15.1, 15.1, 14.9, 14.9, 14.9, 14.9, 14.9, 14.9, 14.9, 14.9, 14.9, 14.9, 14.9, 14.9, 14.9, 14.9)
c(12.0, 12.0, 12.0, 12.0, 12.0, 12.0, 12.0, 12.0, 12.1, 12.1, 12.1, 12.1, 12.0, 12.0, 12.0, 12.0)
c(5.7, 5.7, 3.3, 3.3, 3.3, 3.3, 3.3, 3.3, 3.3, 3.3, 3.3, 3.3, 4.6, 4.6, 4.6, 4.6)
c(14.7, 14.7, 14.3, 14.3, 14.3, 14.2, 14.2, 14.3, 14.2, 13.9, 14.1, 14.1, 13.9, 14.0, 14.2, 14.2)
c(3.0, 3.0, 3.0, 3.0, 3.0, 3.0, 3.0, 3.0, 3.0, 3.0, 3.0, 3.0, 3.0, 3.0, 3.0, 3.0)
c(1.7, 1.7, 1.7, 12.8, 1.9, 1.3, 1.3, 1.3, 1.2, 1.8, 1.6, 1.8, 13.0, 1.7, 1.7, 1.7)
c(240.0, 240.0, 240.0, 240.0, 240.0, 240.0, 240.0, 240.0, 240.0, 240.0, 240.0, 240.0, 240.0, 240.0, 240.0, 240.0)
c(243.0, 243.0, 243.0, 243.0, 243.0, 240.0, 240.0, 240.0, 240.0, 240.0, 240.0, 240.0, 240.0, 240.0, 240.0, 240.0)
c(215.0, 215.0, 215.0, 215.0, 215.0, 215.0, 215.0, 215.0, 215.0, 215.0, 215.0, 215.0, 215.0, 215.0, 215.0, 215.0)
c(245.0, 245.0, 245.0, 245.0, 245.0, 250.0, 250.0, 250.0, 250.0, 250.0, 250.0, 250.0, 250.0, 250.0, 250.0, 250.0)
c(390.0, 390.0, 390.0, 390.0, 390.0, 390.0, 390.0, 390.0, 390.0, 390.0, 390.0, 390.0, 390.0, 390.0, 390.0, 390.0)
c(324.0, 324.0, 325.0, 325.5, 326.0, 330.0, 330.0, 330.0, 330.0, 330.0, 330.0, 330.0, 330.0, 330.0, 330.0, 330.0)
c(315.0, 315.0, 296.0, 296.0, 296.0, 300.0, 300.0, 300.0, 300.0, 300.0, 300.0, 300.0, 300.0, 300.0, 300.0, 300.0)
c(215.0, 215.0, 215.0, 215.0, 215.0, 215.0, 215.0, 215.0, 215.0, 215.0, 215.0, 215.0, 215.0, 215.0, 215.0, 215.0)
c(5.6, 5.6, 5.4, 5.4, 5.4, 5.4, 5.4, 5.4, 5.5, 5.5, 5.5, 5.5, 5.5, 5.5, 5.5, 5.5)
c(15.3, 15.4, 18.4, 18.4, 18.4, 16.85, 15.3, 15.3, 16.6, 15.7, 15.7, 15.8, 15.7, 16.6, 15.8, 15.9)
c(6.6, 6.6, 6.6, 6.6, 6.8, 6.8, 6.8, 6.8, 6.8, 6.8, 6.8, 6.8, 6.8, 6.8, 6.8, 6.8)
c(12.7, 12.7, 12.7, 12.7, 12.7, 12.7, 12.7, 12.7, 12.7, 12.7, 12.7, 12.7, 12.7, 12.7, 12.7, 12.3)
c(10.5, 10.5, 10.5, 10.5, 10.3, 10.3, 10.3, 10.3, 10.3, 10.3, 10.3, 10.3, 10.5, 10.5, 10.5, 10.5)
c(27.0, 27.0, 27.0, 27.0, 27.0, 27.0, 27.0, 27.0, 27.0, 27.0, 27.0, 27.0, 27.0, 27.0, 27.0, 27.0)
c(29.0, 29.0, 29.0, 29.0, 29.0, 29.0, 29.0, 29.0, 29.0, 29.0, 29.0, 29.0, 29.0, 29.0, 29.0, 29.0)
c(12.0, 12.0, 12.0, 12.0, 12.0, 12.0, 12.0, 12.0, 12.0, 12.0, 12.0, 12.0, 12.0, 12.0, 12.0, 12.0)
c(18.0, 18.0, 18.0, 18.0, 18.0, 19.0, 18.0, 18.0, 18.0, 18.0, 18.0, 18.0, 18.0, 18.0, 18.0, 18.0)
c(20.0, 20.0, 20.0, 20.0, 20.0, 20.0, 20.0, 20.0, 20.0, 20.0, 20.0, 20.0, 20.0, 20.0, 20.0, 20.0)
c(23.0, 23.0, 23.0, 23.0, 23.0, 23.0, 23.0, 23.0, 23.0, 23.0, 23.0, 23.0, 24.0, 23.0, 27.0, 27.0)
c(27.0, 27.0, 27.0, 27.0, 27.0, 27.0, 27.0, 27.0, 27.0, 28.0, 28.0, 28.0, 28.0, 28.0, 28.0, 28.0)
c(34.0, 34.0, 34.0, 34.0, 34.0, 34.0, 30.0, 30.0, 30.0, 30.0, 30.0, 30.0, 30.0, 30.0, 30.0, 30.0)
c(14.4, 14.6, 14.7, 14.7, 14.3, 14.3, 14.3, 14.2, 14.6, 14.3, 14.3, 14.3, 14.3, 14.4, 14.5, 14.7)
c(14.2, 14.2, 14.2, 14.2, 14.1, 14.2, 14.3, 14.2, 14.2, 14.0, 14.3, 14.5, 14.3, 14.2, 14.3, 14.1)
c(5.0, 5.0, 5.0, 5.0, 5.0, 5.0, 5.0, 5.0, 5.0, 5.0, 5.0, 5.0, 5.0, 5.0, 5.0, 5.0)
c(5.0, 5.0, 5.0, 5.0, 5.0, 5.0, 5.0, 5.0, 5.0, 5.0, 5.0, 5.0, 5.0, 5.0, 5.0, 5.0)
c(1.0, 1.0, 1.0, 1.0, 1.0, 1.0, 1.0, 1.0, 1.0, 1.0, 1.0, 1.0, 1.0, 1.0, 1.0, 1.0)
c(10.0, 10.0, 10.0, 10.0, 10.0, 10.0, 10.0, 10.0, 10.0, 10.0, 10.0, 10.0, 10.0, 10.0, 10.0, 10.0)
c(10.0, 10.0, 10.0, 10.0, 10.0, 10.0, 10.0, 10.0, 10.0, 10.0, 10.0, 10.0, 11.0, 11.0, 11.0, 11.0)
c(7.2, 7.2, 7.2, 7.2, 7.2, 7.2, 7.2, 7.1, 7.1, 7.1, 7.1, 7.1, 7.1, 7.1, 7.1, 7.1)
c(12.0, 12.0, 12.0, 12.0, 12.0, 12.0, 12.0, 12.0, 12.0, 12.0, 12.0, 12.0, 12.0, 12.0, 12.0, 12.0)
c(10.0, 10.0, 10.0, 10.0, 10.0, 10.0, 10.0, 10.0, 10.0, 10.0, 10.0, 10.0, 10.0, 10.0, 10.0, 10.0)
c(16.1, 16.1, 16.1, 16.1, 16.1, 16.1, 16.1, 16.1, 16.1, 16.1, 16.1, 16.1, 16.1, 16.1, 16.1, 16.1)
c(5.9, 5.9, 5.9, 5.9, 5.9, 5.9, 5.9, 5.9, 6.0, 6.0, 6.2, 6.2, 5.9, 5.9, 6.1, 5.9)
c(1.6, 1.6, 1.6, 1.6, 1.6, 1.6, 1.6, 1.6, 1.6, 1.6, 1.6, 1.6, 1.6, 1.6, 1.6, 1.6)
c(7.3, 7.3, 8.1, 7.3, 7.3, 7.3, 8.1, 8.1, 7.3, 8.1, 8.1, 8.1, 7.3, 7.3, 7.3, 7.3)
c(18.4, 18.4, 18.4, 18.3, 18.4, 18.2, 18.4, 18.4, 18.4, 18.4, 18.4, 18.4, 18.4, 18.4, 18.4, 18.4)
c(1.9, 1.9, 1.9, 1.9, 1.9, 1.9, 1.9, 1.9, 1.9, 11.8, 11.8, 11.8, 2.0, 2.0, 2.0, 2.0)
c(2.9, 2.9, 2.9, 2.9, 2.9, 2.9, 2.9, 2.95, 3.0, 3.0, 3.0, 2.9, 2.9, 2.9, 2.9, 2.9)
c(11.3, 11.3, 11.3, 11.3, 11.3, 11.3, 11.3, 11.3, 11.3, 11.3, 11.3, 11.3, 11.3, 11.3, 11.3, 11.6)
c(240.0, 235.0, 240.0, 240.0, 240.0, 240.0, 235.0, 235.0, 235.0, 235.0, 240.0, 240.0, 240.0, 235.0, 235.0, 235.0)
c(310.0, 310.0, 310.0, 310.0, 310.0, 310.0, 310.0, 310.0, 310.0, 310.0, 310.0, 310.0, 310.0, 310.0, 310.0, 310.0)
c(365.0, 370.0, 370.0, 370.0, 370.0, 370.0, 365.0, 365.0, 365.0, 365.0, 370.0, 365.0, 370.0, 365.0, 365.0, 365.0)
c(358.0, 358.0, 358.0, 358.0, 358.0, 359.0, 360.0, 360.0, 360.0, 360.0, 360.0, 360.0, 360.0, 360.0, 360.0, 360.0)
c(351.0, 351.0, 351.0, 351.0, 350.5, 350.0, 350.0, 350.0, 350.0, 350.0, 350.0, 350.0, 350.0, 350.0, 350.0, 350.0)
c(275.0, 270.0, 270.0, 270.0, 270.0, 270.0, 270.0, 270.0, 272.5, 275.0, 275.0, 275.0, 275.0, 275.0, 275.0, 275.0)
c(295.0, 295.0, 295.0, 295.0, 295.0, 295.0, 295.0, 295.0, 295.0, 295.0, 295.0, 295.0, 295.0, 295.0, 295.0, 295.0)
c(227.0, 227.0, 227.0, 227.0, 228.5, 230.0, 230.0, 230.0, 230.0, 230.0, 230.0, 230.0, 230.0, 230.0, 230.0, 230.0)
c(170.0, 165.0, 165.0, 165.0, 167.5, 170.0, 170.0, 170.0, 170.0, 170.0, 170.0, 170.0, 170.0, 170.0, 170.0, 170.0)
c(375.0, 375.0, 375.0, 375.0, 357.5, 340.0, 340.0, 340.0, 340.0, 340.0, 340.0, 340.0, 340.0, 340.0, 340.0, 340.0)
c(135.0, 135.0, 135.0, 135.0, 135.0, 135.0, 135.0, 135.0, 135.0, 135.0, 135.0, 135.0, 135.0, 135.0, 135.0, 135.0)
c(160.0, 165.0, 165.0, 165.0, 165.0, 162.5, 160.0, 160.0, 165.0, 160.0, 160.0, 160.0, 160.0, 160.0, 160.0, 160.0)
c(95.0, 95.0, 95.0, 95.0, 95.0, 95.0, 95.0, 95.0, 95.0, 95.0, 95.0, 95.0, 95.0, 95.0, 95.0, 95.0)
c(90.0, 90.0, 90.0, 90.0, 90.0, 90.0, 90.0, 90.0, 90.0, 90.0, 90.0, 90.0, 85.0, 85.0, 85.0, 85.0)
c(100.0, 100.0, 100.0, 100.0, 100.0, 100.0, 100.0, 100.0, 100.0, 100.0, 100.0, 100.0, 100.0, 100.0, 100.0, 100.0)
c(60.0, 55.0, 50.0, 50.0, 50.0, 50.0, 50.0, 50.0, 50.0, 50.0, 55.0, 55.0, 55.0, 55.0, 55.0, 55.0)
c(80.0, 80.0, 80.0, 80.0, 85.0, 85.0, 85.0, 80.0, 80.0, 80.0, 80.0, 80.0, 80.0, 80.0, 82.5, 85.0)
c(140.0, 140.0, 140.0, 140.0, 140.0, 140.0, 140.0, 140.0, 140.0, 140.0, 140.0, 140.0, 140.0, 140.0, 140.0, 140.0)
c(95.0, 95.0, 95.0, 95.0, 95.0, 95.0, 95.0, 95.0, 95.0, 95.0, 95.0, 95.0, 95.0, 95.0, 89.0, 89.0)
c(326.0, 326.0, 326.0, 326.0, 326.0, 326.0, 366.0, 376.0, 376.0, 370.0, 371.0, 371.0, 149.0, 149.0, 374.0, 148.0)
c(30.0, 30.0, 30.0, 30.0, 30.0, 30.0, 30.0, 30.0, 30.0, 30.0, 30.0, 30.0, 30.0, 30.0, 30.0, 30.0)
c(182.0, 182.0, 182.0, 182.0, 182.0, 182.0, 182.0, 182.0, 182.0, 182.0, 182.0, 182.0, 182.0, 182.0, 182.0, 182.0)
c(178.0, 178.0, 188.0, 188.0, 188.0, 188.0, 188.0, 188.0, 189.0, 185.0, 183.0, 183.0, 183.0, 183.0, 183.0, 183.0)
c(190.0, 190.0, 190.0, 190.0, 190.0, 190.0, 190.0, 190.0, 190.0, 191.0, 191.0, 192.0, 192.0, 192.0, 191.0, 191.0)
c(199.0, 199.0, 199.0, 199.0, 199.0, 199.0, 199.0, 199.0, 199.0, 199.0, 199.0, 199.0, 199.0, 199.0, 199.0, 199.0)
c(207.0, 207.0, 207.0, 208.0, 209.0, 208.0, 209.0, 207.0, 206.0, 207.0, 208.0, 209.0, 209.0, 208.0, 207.0, 207.0)
c(15.0, 15.0, 15.0, 15.0, 15.0, 15.0, 15.0, 16.0, 15.0, 15.0, 15.0, 16.0, 15.0, 15.0, 16.0, 15.0)
c(15.0, 15.0, 15.0, 15.0, 15.0, 15.0, 15.0, 15.0, 15.0, 15.0, 15.0, 15.0, 15.0, 15.0, 15.0, 15.0)
c(19.0, 19.0, 19.0, 19.0, 19.0, 19.0, 19.0, 19.0, 19.0, 19.0, 19.0, 19.0, 19.0, 18.0, 18.0, 18.0)
c(22.0, 22.0, 22.0, 22.0, 22.0, 22.0, 22.0, 22.0, 22.0, 22.0, 22.0, 22.0, 22.0, 22.0, 22.0, 22.0)
c(8.0, 8.0, 8.0, 8.0, 8.0, 8.0, 8.0, 8.0, 8.0, 8.0, 8.0, 8.0, 8.0, 8.0, 8.0, 8.0)
c(9.0, 9.0, 8.8, 8.6, 8.6, 8.8, 9.0, 9.0, 9.0, 8.9, 9.0, 8.8, 9.0, 9.0, 9.0, 9.0)
c(7.5, 7.6, 7.6, 7.6, 7.5, 7.5, 7.5, 7.5, 7.5, 7.5, 7.5, 7.5, 7.5, 7.5, 7.5, 7.5)
c(15.3, 15.2, 15.3, 15.3, 15.4, 15.35, 15.3, 15.3, 15.3, 15.3, 15.3, 15.3, 15.3, 15.3, 15.3, 15.3)
c(1.6, 2.0, 2.0, 2.0, 2.0, 2.0, 2.0, 2.0, 2.0, 2.0, 2.0, 2.0, 2.0, 2.0, 2.0, 2.0)
c(179.0, 179.0, 179.0, 178.0, 177.0, 177.0, 177.0, 177.0, 177.0, 177.0, 177.0, 177.0, 177.0, 178.0, 179.0, 179.0)
c(194.0, 194.0, 184.0, 184.0, 184.0, 194.0, 189.0, 189.0, 189.0, 229.0, 190.0, 294.0, 189.0, 191.5, 194.0, 194.0)
c(135.0, 135.0, 136.0, 167.0, 198.0, 198.0, 199.0, 199.0, 198.0, 40.0, 136.0, 136.0, 134.0, 134.0, 134.0, 136.0)
c(295.0, 295.0, 295.0, 295.0, 295.0, 295.0, 295.0, 295.0, 288.0, 295.0, 295.0, 295.0, 295.0, 295.0, 295.0, 295.0)
c(340.0, 340.0, 340.0, 340.0, 340.0, 340.0, 340.0, 340.0, 340.0, 340.0, 340.0, 340.0, 340.0, 340.0, 340.0, 340.0)
c(353.0, 353.0, 356.0, 357.0, 358.0, 378.0, 354.0, 354.0, 350.0, 40.0, 354.0, 352.0, 353.0, 354.0, 355.0, 379.0)
c(312.0, 312.0, 312.0, 274.0, 236.0, 243.0, 312.0, 243.0, 236.0, 236.0, 236.0, 243.0, 243.0, 239.5, 236.0, 240.0)
c(275.0, 275.0, 275.0, 275.0, 275.0, 275.0, 275.0, 275.0, 275.0, 275.0, 275.0, 275.0, 275.0, 275.0, 275.0, 275.0)
c(353.0, 353.0, 353.0, 353.0, 353.0, 360.0, 353.0, 353.0, 353.0, 353.0, 353.0, 353.0, 353.0, 353.0, 353.0, 353.0)
c(218.0, 218.0, 218.0, 218.0, 218.0, 218.0, 218.0, 218.0, 218.0, 218.0, 218.0, 218.0, 218.0, 218.0, 218.0, 218.0)
c(265.0, 265.0, 265.0, 265.0, 265.0, 265.0, 265.0, 265.0, 265.0, 265.0, 265.0, 265.0, 265.0, 270.0, 270.0, 265.0)
c(160.0, 160.0, 160.0, 160.0, 160.0, 160.0, 160.0, 160.0, 160.0, 160.0, 160.0, 160.0, 160.0, 160.0, 160.0, 160.0)
c(510.0, 510.0, 510.0, 510.0, 510.0, 510.0, 510.0, 510.0, 510.0, 510.0, 495.0, 510.0, 510.0, 510.0, 510.0, 510.0)
c(295.0, 290.0, 290.0, 290.0, 290.0, 290.0, 290.0, 290.0, 295.0, 295.0, 295.0, 295.0, 295.0, 295.0, 295.0, 295.0)
c(275.0, 275.0, 270.0, 270.0, 270.0, 270.0, 270.0, 270.0, 270.0, 275.0, 275.0, 275.0, 275.0, 275.0, 275.0, 275.0)
c(135.0, 135.0, 130.0, 130.0, 135.0, 135.0, 135.0, 135.0, 135.0, 135.0, 135.0, 135.0, 135.0, 135.0, 135.0, 135.0)
c(120.0, 120.0, 120.0, 120.0, 120.0, 120.0, 120.0, 120.0, 120.0, 120.0, 120.0, 120.0, 120.0, 120.0, 120.0, 120.0)
c(420.0, 420.0, 420.0, 420.0, 420.0, 420.0, 420.0, 420.0, 420.0, 420.0, 420.0, 420.0, 420.0, 415.0, 420.0, 420.0)
c(290.0, 290.0, 290.0, 290.0, 290.0, 290.0, 290.0, 290.0, 290.0, 290.0, 290.0, 290.0, 290.0, 290.0, 290.0, 290.0)
c(8.2, 8.2, 8.2, 8.2, 8.2, 8.2, 8.2, 8.2, 8.2, 8.2, 8.2, 8.2, 8.2, 8.2, 7.9, 7.2)
c(10.4, 10.4, 10.4, 10.4, 10.4, 10.4, 10.4, 10.4, 10.4, 10.4, 10.4, 10.1, 10.5, 10.5, 10.5, 10.5)
c(10.5, 10.5, 10.5, 10.5, 10.5, 10.5, 10.5, 10.5, 10.5, 10.5, 10.5, 10.5, 10.5, 10.6, 10.5, 10.5)
c(8.2, 8.2, 8.4, 8.2, 8.6, 8.4, 8.4, 8.3, 8.4, 8.3, 8.5, 8.6, 8.7, 8.7, 8.7, 8.7)
c(11.9, 11.9, 11.9, 11.6, 11.6, 11.6, 11.6, 11.6, 11.6, 11.6, 11.6, 11.6, 11.6, 11.6, 11.6, 11.6)
c(8.0, 8.0, 8.05, 8.1, 8.0, 8.0, 8.0, 8.0, 8.0, 8.0, 8.2, 8.4, 8.3, 8.2, 8.4, 8.4)
c(6.5, 6.5, 6.5, 6.5, 6.5, 6.5, 6.5, 6.5, 6.5, 6.5, 6.5, 6.5, 6.5, 6.5, 6.5, 6.5)
c(10.2, 10.2, 10.2, 10.2, 10.2, 10.2, 10.1, 10.1, 10.1, 10.1, 10.1, 10.1, 10.1, 10.1, 10.1, 10.1)
c(14.9, 14.9, 14.6, 14.2, 14.3, 14.7, 14.7, 18.9, 18.9, 18.9, 18.9, 18.9, 18.9, 18.9, 14.3, 15.9)
c(4.0, 4.0, 4.0, 4.0, 7.1, 7.1, 7.1, 7.1, 7.1, 4.9, 4.9, 4.9, 4.9, 4.9, 4.9, 5.1)
c(6.8, 6.8, 6.8, 6.8, 6.9, 6.9, 6.9, 6.9, 6.9, 6.9, 6.9, 6.9, 6.9, 6.9, 6.9, 6.9)
c(10.0, 9.9, 9.9, 9.9, 9.9, 9.9, 9.9, 9.9, 9.9, 9.9, 9.9, 9.9, 9.9, 9.9, 9.9, 9.9)
c(14.3, 14.2, 14.2, 14.2, 14.2, 14.25, 14.3, 14.3, 14.3, 14.3, 14.3, 14.3, 14.3, 14.1, 14.1, 14.1)
c(11.1, 11.0, 11.0, 11.0, 11.0, 11.0, 11.0, 11.0, 11.0, 11.0, 11.0, 11.0, 11.0, 11.0, 11.0, 11.0)
c(8.3, 8.3, 8.3, 8.3, 8.3, 8.3, 8.3, 8.3, 8.3, 8.3, 8.3, 8.3, 8.4, 8.3, 8.3, 8.3)
c(14.3, 14.2, 14.2, 14.4, 14.4, 14.4, 14.4, 14.4, 14.4, 14.4, 14.4, 14.4, 14.4, 14.2, 14.2, 14.2)
c(4.0, 4.0, 4.0, 4.0, 4.0, 4.0, 4.0, 4.0, 4.0, 4.0, 4.0, 4.0, 4.0, 4.0, 4.0, 4.0)
c(8.0, 8.0, 8.0, 8.0, 8.0, 8.0, 8.0, 8.0, 8.0, 8.0, 8.0, 8.0, 8.0, 8.0, 8.0, 8.0)
c(9.0, 9.0, 9.0, 9.0, 9.0, 9.0, 8.0, 8.0, 9.0, 8.0, 8.0, 8.0, 8.0, 8.0, 8.0, 8.0)
c(9.0, 9.0, 9.0, 9.0, 9.0, 9.0, 9.0, 9.0, 9.0, 9.0, 9.0, 9.0, 9.0, 9.0, 9.0, 9.0)
c(13.0, 13.0, 13.0, 13.0, 13.0, 13.0, 13.0, 13.0, 13.0, 13.0, 13.0, 13.0, 13.0, 13.0, 13.0, 13.0)
c(6.0, 6.0, 6.0, 6.0, 6.0, 6.0, 6.0, 6.0, 6.0, 6.0, 6.0, 6.0, 6.0, 6.0, 6.0, 6.0)
c(6.0, 6.0, 6.0, 6.0, 6.0, 6.0, 6.0, 6.0, 6.0, 6.0, 6.0, 6.0, 6.0, 6.0, 6.0, 6.0)
c(13.0, 13.0, 13.0, 12.0, 12.0, 12.0, 12.0, 11.0, 13.0, 13.0, 11.0, 11.0, 11.0, 11.0, 12.0, 12.0)
c(243.0, 243.0, 241.0, 241.0, 241.0, 241.0, 241.0, 241.0, 241.0, 240.0, 240.0, 240.0, 240.0, 240.0, 240.0, 240.0)
c(313.0, 313.0, 313.0, 313.0, 313.0, 313.0, 313.0, 313.0, 313.0, 313.0, 313.0, 313.0, 313.0, 313.0, 313.0, 313.0)
c(226.0, 226.0, 226.0, 226.0, 226.0, 226.0, 226.0, 226.0, 233.0, 233.0, 233.0, 226.0, 226.0, 226.0, 226.0, 226.0)
c(130.0, 130.0, 130.0, 130.0, 130.0, 130.0, 130.0, 130.0, 130.0, 130.0, 130.0, 130.0, 130.0, 130.0, 130.0, 130.0)
c(208.0, 208.0, 206.0, 206.0, 210.0, 210.0, 210.0, 210.0, 210.0, 210.0, 210.0, 210.0, 210.0, 210.0, 210.0, 210.0)
c(178.0, 178.0, 176.0, 176.0, 176.0, 176.0, 176.0, 175.0, 175.0, 175.0, 175.0, 175.0, 175.0, 175.0, 175.0, 175.0)
c(106.0, 106.0, 106.0, 108.0, 108.0, 108.0, 108.0, 108.0, 108.0, 108.0, 108.0, 108.0, 108.0, 108.0, 108.0, 108.0)
c(300.0, 303.0, 301.0, 298.0, 303.0, 303.0, 303.0, 303.0, 303.0, 303.0, 303.0, 303.0, 303.0, 303.0, 302.0, 301.0)
c(176.0, 176.0, 176.0, 176.0, 176.0, 176.0, 176.0, 176.0, 176.0, 176.0, 176.0, 176.0, 176.0, 176.0, 176.0, 176.0)
c(15.5, 15.5, 15.5, 15.5, 15.5, 15.5, 15.5, 15.5, 15.5, 15.5, 15.5, 15.5, 15.5, 15.5, 15.5, 15.5)
c(25.7, 25.7, 25.7, 11.5, 11.3, 13.25, 15.2, 13.1, 11.3, 18.8, 9.3, 9.3, 9.3, 9.4, 9.4, 9.4)
c(12.9, 12.9, 12.9, 12.9, 12.9, 12.9, 12.9, 12.9, 12.9, 12.9, 12.9, 13.0, 13.0, 13.0, 13.0, 13.0)
c(12.8, 12.8, 12.8, 12.8, 12.8, 12.8, 12.8, 12.8, 12.8, 12.8, 12.8, 12.0, 12.0, 12.0, 12.0, 12.0)
c(9.9, 9.9, 9.9, 9.9, 9.9, 9.9, 9.9, 9.9, 9.9, 9.9, 9.9, 9.9, 10.0, 10.0, 10.0, 10.0)
c(11.7, 11.7, 11.7, 11.8, 11.8, 11.8, 11.8, 11.8, 11.8, 11.8, 11.8, 11.8, 11.8, 11.8, 11.8, 11.8)
c(7.3, 7.3, 7.2, 7.2, 7.2, 7.2, 7.2, 7.2, 7.2, 7.2, 7.2, 7.2, 7.2, 7.2, 7.2, 7.2)
c(6.5, 6.5, 6.5, 6.5, 6.5, 6.5, 6.5, 6.6, 6.5, 6.5, 6.5, 6.5, 6.6, 6.6, 6.6, 6.6)
c(17.7, 17.7, 17.7, 17.7, 17.7, 17.7, 17.7, 17.7, 17.8, 17.7, 17.7, 18.65, 19.6, 18.4, 17.7, 18.2)
c(6.4, 6.4, 6.4, 6.4, 6.4, 6.4, 6.4, 6.4, 6.4, 6.4, 6.4, 6.4, 6.4, 6.4, 6.4, 6.4)
c(1.2, 1.2, 1.6, 1.6, 1.6, 1.6, 1.6, 1.6, 1.6, 1.6, 1.6, 1.6, 1.6, 1.6, 1.6, 1.6)
c(3.0, 3.0, 3.0, 3.0, 3.0, 3.0, 3.0, 3.0, 3.0, 3.0, 3.0, 3.0, 3.0, 3.7, 3.7, 3.7)
c(7.3, 7.3, 7.3, 7.3, 7.3, 7.3, 7.3, 7.3, 7.3, 7.3, 7.3, 7.3, 7.3, 7.3, 7.3, 7.3)
c(10.5, 10.5, 10.5, 10.5, 10.5, 10.5, 10.5, 10.5, 10.5, 10.5, 10.5, 10.5, 10.5, 10.0, 10.0, 10.0)
c(18.6, 18.6, 19.5, 19.5, 19.5, 19.5, 19.5, 19.5, 19.5, 20.0, 20.0, 19.6, 20.0, 3.0, 3.0, 3.0)
c(8.4, 8.4, 8.4, 8.4, 8.4, 8.4, 8.4, 8.4, 8.4, 8.4, 8.4, 8.4, 8.4, 8.4, 8.4, 8.4)
c(305.0, 305.0, 305.0, 305.0, 305.0, 305.0, 305.0, 305.0, 305.0, 305.0, 305.0, 305.0, 305.0, 305.0, 305.0, 305.0)
c(400.0, 400.0, 390.0, 390.0, 390.0, 390.0, 390.0, 390.0, 390.0, 390.0, 390.0, 400.0, 400.0, 400.0, 400.0, 400.0)
c(12.1, 12.1, 12.1, 12.1, 12.1, 12.1, 12.1, 12.1, 12.1, 12.1, 12.0, 11.9, 11.9, 11.9, 11.9, 11.9)
c(9.0, 9.0, 9.0, 9.0, 9.0, 9.0, 9.0, 9.0, 9.0, 9.0, 9.0, 9.0, 9.0, 9.0, 6.9, 6.9)
c(6.4, 6.4, 6.4, 6.4, 6.4, 6.4, 6.4, 6.4, 6.4, 6.4, 6.4, 6.4, 6.4, 6.4, 6.4, 6.4)
c(7.3, 7.3, 7.3, 7.3, 7.3, 7.3, 7.3, 7.3, 7.3, 7.3, 7.3, 7.3, 7.3, 7.3, 7.3, 7.3)
c(3.3, 3.2, 3.2, 3.2, 3.2, 3.2, 3.2, 3.2, 3.2, 3.4, 3.2, 3.5, 3.4, 3.4, 3.5, 3.3)
c(7.0, 7.0, 7.0, 7.0, 7.0, 7.0, 7.0, 7.0, 7.0, 7.0, 7.0, 7.0, 7.0, 7.0, 7.0, 7.0)
c(2.8, 2.8, 2.8, 2.85, 2.9, 2.9, 2.9, 2.9, 2.9, 2.9, 2.9, 2.9, 2.85, 2.8, 3.0, 3.0)
c(0.3, 0.3, 0.3, 0.3, 0.3, 0.3, 0.3, 0.3, 0.3, 0.4, 0.4, 0.4, 0.4, 0.4, 0.4, 0.4)
c(3.0, 3.0, 3.0, 3.0, 3.0, 3.0, 3.0, 3.0, 3.0, 3.0, 3.0, 3.0, 3.0, 3.0, 3.0, 3.0)
c(6.8, 6.8, 6.8, 6.9, 6.9, 6.9, 6.9, 6.9, 6.9, 6.8, 6.8, 6.8, 6.8, 6.8, 34.3, 6.9)
c(11.7, 11.7, 11.7, 11.6, 11.6, 11.6, 11.6, 11.6, 11.6, 11.6, 11.7, 12.0, 12.0, 12.0, 12.0, 12.0)
c(4.8, 4.8, 4.8, 4.6, 4.6, 4.6, 4.6, 4.8, 4.6, 4.7, 3.5, 6.0, 6.0, 6.0, 6.0, 6.0)
c(2.8, 2.8, 2.8, 2.8, 2.8, 2.8, 2.8, 2.8, 2.8, 2.8, 2.8, 2.8, 2.8, 2.8, 2.8, 2.8)
c(9.7, 9.7, 9.7, 9.7, 9.7, 9.7, 9.7, 9.7, 9.7, 9.7, 9.7, 9.4, 9.4, 9.4, 9.4, 9.4)
c(18.3, 18.3, 18.3, 18.3, 18.3, 18.3, 18.3, 18.3, 18.3, 18.3, 18.3, 18.3, 18.3, 18.3, 18.6, 18.6)
c(8.1, 8.1, 8.1, 8.1, 8.1, 8.1, 8.1, 8.1, 8.1, 8.1, 8.1, 8.1, 8.1, 8.1, 8.1, 8.1)
c(9.4, 9.4, 9.4, 9.4, 9.4, 9.4, 9.6, 9.7, 9.7, 9.7, 9.7, 9.7, 9.7, 9.7, 9.7, 9.7)
c(9.6, 9.6, 9.6, 9.6, 9.6, 9.6, 9.6, 9.6, 9.6, 9.6, 9.6, 9.6, 9.6, 9.6, 9.6, 9.6)
c(14.5, 14.5, 14.0, 14.0, 14.0, 14.0, 14.25, 14.5, 15.0, 15.0, 15.0, 15.0, 15.0, 15.0, 15.0, 14.5)
c(9.9, 9.9, 8.0, 8.15, 8.3, 8.3, 8.3, 8.3, 8.3, 8.3, 8.3, 8.8, 8.5, 8.5, 8.4, 8.5)
c(7.2, 7.2, 5.2, 5.2, 5.2, 5.2, 5.2, 5.2, 5.2, 5.4, 5.4, 5.4, 5.4, 5.4, 5.4, 5.4)
c(8.7, 8.7, 8.6, 8.6, 8.6, 8.6, 8.6, 8.65, 8.7, 8.6, 8.6, 8.6, 8.6, 8.6, 8.6, 8.6)
c(12.1, 12.1, 12.2, 12.2, 12.2, 12.2, 12.2, 12.2, 12.2, 12.2, 12.2, 12.2, 12.2, 12.2, 12.2, 12.2)
c(21.2, 21.2, 20.7, 20.7, 20.7, 20.7, 20.7, 20.7, 20.7, 20.7, 20.7, 20.7, 20.7, 20.7, 20.7, 20.7)
c(8.6, 8.6, 8.4, 8.5, 8.6, 8.6, 8.6, 8.6, 8.6, 8.6, 8.7, 8.7, 8.7, 8.7, 8.7, 8.7)
c(6.8, 6.7, 6.7, 6.75, 6.8, 6.8, 6.9, 6.8, 6.8, 6.9, 6.9, 6.1, 6.9, 6.9, 6.9, 6.9)
c(9.0, 9.0, 8.6, 8.6, 8.6, 8.6, 8.6, 8.6, 8.6, 8.6, 8.6, 8.6, 8.6, 8.6, 8.6, 8.6)
c(216.0, 216.0, 216.0, 216.0, 216.0, 216.0, 216.0, 216.0, 216.0, 216.0, 216.0, 216.0, 217.0, 218.0, 218.0, 218.0)
c(128.0, 128.0, 130.0, 130.0, 130.0, 129.0, 128.0, 128.0, 128.0, 128.0, 128.0, 128.0, 128.0, 128.0, 128.0, 128.0)
c(255.0, 255.0, 255.0, 250.0, 255.0, 255.0, 255.0, 260.0, 260.0, 245.0, 247.5, 250.0, 250.0, 250.0, 250.0, 250.0)
c(243.0, 250.0, 250.5, 251.0, 238.0, 239.5, 241.0, 240.5, 240.0, 240.0, 240.0, 240.0, 240.0, 240.0, 240.0, 240.0)
c(118.0, 116.0, 116.0, 116.0, 116.0, 116.0, 116.0, 116.0, 116.0, 116.0, 116.0, 116.0, 116.0, 118.0, 118.0, 118.0)
c(38.0, 38.0, 38.0, 38.0, 38.0, 39.5, 41.0, 41.0, 41.0, 41.0, 41.0, 41.0, 41.0, 41.0, 41.0, 41.0)
c(93.0, 93.0, 93.0, 96.0, 96.0, 95.5, 95.0, 93.0, 93.0, 93.0, 93.0, 93.0, 93.0, 103.0, 103.0, 103.0)
c(220.0, 220.0, 220.0, 220.0, 220.0, 220.0, 220.0, 220.0, 220.0, 220.0, 220.0, 220.0, 220.0, 220.0, 220.0, 220.0)
c(2.9, 2.9, 2.9, 2.9, 2.9, 2.9, 2.9, 2.9, 2.9, 2.9, 3.0, 2.8, 2.8, 2.8, 2.8, 2.8)
c(7.8, 7.8, 7.8, 7.7, 7.7, 7.7, 7.7, 7.9, 7.9, 7.9, 8.0, 8.1, 8.1, 7.8, 7.8, 7.8)
c(7.2, 7.2, 7.2, 7.2, 7.2, 7.2, 7.5, 7.1, 7.1, 7.1, 7.1, 7.1, 7.1, 7.1, 7.1, 7.1)
c(13.1, 13.1, 13.1, 13.1, 13.1, 13.1, 13.1, 13.1, 13.1, 13.1, 13.1, 13.1, 13.1, 13.1, 13.1, 13.1)
c(13.6, 13.6, 13.6, 13.6, 13.6, 13.6, 13.6, 13.6, 13.5, 13.5, 13.5, 13.5, 13.5, 13.7, 13.7, 13.7)
c(7.8, 7.8, 7.7, 7.7, 7.7, 7.7, 7.7, 7.7, 7.4, 7.4, 7.4, 7.4, 7.5, 7.5, 7.5, 7.5)
c(6.1, 6.1, 6.1, 6.1, 6.1, 6.1, 6.1, 6.1, 6.1, 6.1, 6.1, 6.1, 6.1, 6.15, 6.2, 6.2)
c(5.0, 5.0, 4.2, 4.2, 4.2, 4.2, 4.2, 4.2, 4.2, 4.2, 4.2, 4.2, 4.2, 4.2, 4.2, 4.2)
c(6.0, 5.6, 6.1, 6.05, 6.0, 6.0, 6.0, 6.0, 7.2, 7.1, 7.1, 7.1, 7.1, 7.0, 7.0, 7.0)
c(21.6, 21.7, 21.5, 21.4, 21.3, 21.4, 21.6, 21.6, 21.5, 21.4, 21.6, 21.6, 21.4, 21.6, 21.6, 21.6)
c(8.0, 7.5, 7.5, 7.5, 7.5, 7.5, 7.5, 7.5, 7.5, 7.5, 7.5, 7.5, 7.5, 7.5, 7.5, 7.5)
c(6.1, 6.0, 6.4, 6.5, 6.6, 6.1, 6.4, 6.4, 6.4, 6.4, 6.4, 6.4, 6.4, 6.4, 6.4, 6.4)
c(12.3, 12.3, 12.3, 12.3, 12.3, 12.3, 12.3, 12.3, 12.3, 12.3, 12.3, 12.3, 12.3, 12.3, 12.3, 12.3)
c(7.3, 7.3, 8.1, 8.1, 8.1, 7.3, 7.3, 7.3, 7.3, 7.3, 7.3, 7.3, 7.3, 7.3, 7.3, 7.3)
c(3.0, 3.0, 3.0, 3.0, 3.0, 3.0, 3.0, 3.0, 3.0, 3.0, 3.0, 3.0, 3.0, 3.0, 3.0, 3.0)
c(3.6, 3.6, 3.6, 3.6, 3.6, 3.6, 3.6, 3.8, 3.8, 3.8, 3.8, 3.8, 3.5, 3.5, 3.5, 3.5)
c(9.8, 9.8, 9.8, 9.8, 9.8, 9.8, 9.8, 9.8, 9.8, 9.8, 9.8, 9.8, 9.6, 9.6, 9.6, 9.6)
c(16.7, 16.7, 16.7, 16.7, 16.7, 16.7, 16.7, 16.7, 16.7, 16.7, 16.7, 16.7, 14.0, 16.7, 16.7, 17.7)
c(14.9, 14.9, 15.1, 15.3, 15.3, 15.3, 14.8, 14.8, 14.8, 15.3, 15.3, 15.3, 14.7, 14.7, 14.7, 14.7)
c(9.7, 9.7, 8.6, 9.6, 3.9, 4.0, 4.0, 9.7, 3.9, 3.9, 4.0, 3.9, 4.0, 4.0, 3.9, 4.0)
c(325.0, 325.0, 325.0, 325.0, 325.0, 325.0, 325.0, 325.0, 325.0, 325.0, 325.0, 325.0, 330.0, 335.0, 335.0, 335.0)
c(190.0, 190.0, 190.0, 185.0, 185.0, 185.0, 185.0, 185.0, 185.0, 185.0, 185.0, 185.0, 185.0, 185.0, 185.0, 185.0)
c(160.0, 160.0, 160.0, 160.0, 160.0, 160.0, 160.0, 160.0, 160.0, 160.0, 160.0, 160.0, 160.0, 160.0, 160.0, 160.0)
c(215.0, 220.0, 220.0, 220.0, 220.0, 220.0, 235.0, 235.0, 220.0, 225.0, 225.0, 225.0, 220.0, 215.0, 215.0, 215.0)
c(265.0, 265.0, 265.0, 265.0, 265.0, 265.0, 265.0, 265.0, 265.0, 265.0, 265.0, 265.0, 265.0, 265.0, 260.0, 260.0)
c(215.0, 215.0, 215.0, 215.0, 215.0, 215.0, 215.0, 215.0, 215.0, 215.0, 215.0, 215.0, 215.0, 215.0, 215.0, 215.0)
c(235.0, 235.0, 235.0, 235.0, 235.0, 235.0, 235.0, 235.0, 235.0, 235.0, 235.0, 235.0, 235.0, 235.0, 235.0, 235.0)
c(285.0, 285.0, 285.0, 285.0, 285.0, 285.0, 285.0, 285.0, 285.0, 285.0, 285.0, 285.0, 285.0, 285.0, 285.0, 285.0)
c(240.0, 240.0, 240.0, 240.0, 240.0, 240.0, 240.0, 240.0, 240.0, 240.0, 240.0, 240.0, 240.0, 240.0, 240.0, 240.0)
c(260.0, 260.0, 260.0, 260.0, 260.0, 260.0, 260.0, 260.0, 265.0, 260.0, 260.0, 260.0, 260.0, 260.0, 260.0, 260.0)
c(195.0, 195.0, 195.0, 195.0, 195.0, 195.0, 195.0, 195.0, 190.0, 190.0, 190.0, 190.0, 195.0, 195.0, 192.5, 190.0)
c(170.0, 170.0, 170.0, 170.0, 170.0, 170.0, 170.0, 170.0, 170.0, 170.0, 170.0, 172.5, 175.0, 175.0, 175.0, 175.0)
c(150.0, 145.0, 145.0, 145.0, 145.0, 145.0, 145.0, 145.0, 145.0, 145.0, 145.0, 145.0, 145.0, 145.0, 145.0, 145.0)
c(160.0, 160.0, 160.0, 160.0, 160.0, 160.0, 160.0, 160.0, 160.0, 160.0, 160.0, 160.0, 160.0, 160.0, 160.0, 160.0)
c(145.0, 145.0, 145.0, 145.0, 145.0, 145.0, 145.0, 140.0, 145.0, 145.0, 145.0, 145.0, 145.0, 145.0, 145.0, 145.0)
c(160.0, 170.0, 170.0, 170.0, 170.0, 170.0, 170.0, 170.0, 170.0, 170.0, 170.0, 170.0, 170.0, 170.0, 170.0, 170.0)
c(150.0, 150.0, 150.0, 150.0, 145.0, 145.0, 150.0, 145.0, 150.0, 145.0, 145.0, 145.0, 145.0, 145.0, 145.0, 145.0)
c(145.0, 145.0, 145.0, 145.0, 145.0, 145.0, 145.0, 145.0, 145.0, 145.0, 145.0, 145.0, 145.0, 145.0, 145.0, 145.0)
c(187.0, 187.0, 187.5, 188.0, 188.0, 190.0, 190.0, 190.0, 190.0, 190.0, 190.0, 190.0, 190.0, 190.0, 190.0, 190.0)
c(405.0, 405.0, 405.0, 405.0, 405.0, 405.0, 405.0, 405.0, 405.0, 405.0, 405.0, 405.0, 405.0, 405.0, 405.0, 405.0)
c(327.0, 327.0, 327.0, 327.0, 327.0, 330.0, 330.0, 330.0, 330.0, 330.0, 330.0, 330.0, 330.0, 330.0, 330.0, 330.0)
c(455.0, 455.0, 455.0, 455.0, 455.0, 455.0, 460.0, 475.0, 475.0, 455.0, 457.5, 460.0, 455.0, 460.0, 460.0, 455.0)
c(185.0, 185.0, 185.0, 180.0, 180.0, 180.0, 180.0, 180.0, 185.0, 185.0, 185.0, 185.0, 185.0, 180.0, 180.0, 180.0)
c(400.0, 400.0, 400.0, 400.0, 400.0, 400.0, 400.0, 400.0, 400.0, 400.0, 400.0, 400.0, 410.0, 410.0, 410.0, 410.0)
c(140.0, 140.0, 140.0, 140.0, 140.0, 140.0, 140.0, 140.0, 140.0, 140.0, 140.0, 140.0, 140.0, 140.0, 140.0, 140.0)
c(350.0, 350.0, 350.0, 350.0, 340.0, 340.0, 340.0, 340.0, 340.0, 340.0, 340.0, 340.0, 340.0, 340.0, 340.0, 340.0)
c(208.0, 208.0, 205.0, 205.0, 205.0, 205.0, 205.0, 209.0, 209.0, 209.0, 209.0, 207.0, 207.0, 219.0, 215.0, 215.0)
c(185.0, 185.0, 186.0, 191.0, 186.0, 187.0, 195.0, 253.0, 40.0, 225.0, 183.0, 183.0, 183.0, 183.0, 155.0, 155.0)
c(184.0, 184.0, 40.0, 186.0, 186.0, 187.0, 184.0, 186.0, 183.0, 184.0, 182.0, 185.0, 183.0, 184.0, 184.0, 184.0)
c(65.0, 65.0, 65.0, 65.0, 65.0, 65.0, 60.0, 60.0, 60.0, 60.0, 60.0, 60.0, 60.0, 60.0, 60.0, 60.0)
c(168.0, 168.0, 168.0, 168.0, 168.0, 168.0, 168.0, 168.0, 168.0, 168.0, 168.0, 168.0, 168.0, 168.0, 168.0, 168.0)
c(238.0, 238.0, 238.0, 201.0, 201.0, 197.0, 203.0, 201.0, 201.0, 201.0, 201.0, 201.0, 199.0, 199.0, 202.0, 202.0)
c(182.0, 182.0, 182.0, 182.0, 182.0, 182.0, 182.0, 182.0, 182.0, 182.0, 182.0, 182.0, 182.0, 182.0, 182.0, 182.0)
c(100.0, 100.0, 100.0, 100.0, 100.0, 100.0, 100.0, 100.0, 100.0, 100.0, 100.0, 100.0, 100.0, 100.0, 100.0, 100.0)
c(132.0, 132.0, 132.0, 132.0, 132.0, 133.0, 134.0, 134.0, 134.0, 134.0, 134.0, 134.0, 134.0, 134.0, 132.0, 132.0)
c(3.0, 3.0, 3.0, 3.0, 3.0, 3.0, 3.0, 3.0, 3.0, 3.0, 3.0, 3.0, 3.0, 3.0, 3.0, 3.0)
c(10.0, 10.0, 10.0, 10.0, 10.0, 10.0, 10.0, 10.1, 10.1, 10.1, 10.1, 10.1, 10.1, 10.1, 10.3, 10.3)
c(4.2, 4.2, 4.2, 4.2, 4.2, 4.2, 4.2, 4.2, 4.2, 4.2, 4.2, 4.2, 4.2, 4.2, 4.2, 4.2)
c(2.1, 2.1, 2.1, 2.1, 2.1, 2.1, 2.1, 2.1, 2.1, 2.1, 2.1, 2.1, 2.1, 2.1, 2.1, 2.1)
c(9.5, 9.5, 9.5, 9.5, 9.5, 9.5, 9.5, 9.5, 9.5, 9.5, 9.5, 9.5, 9.5, 9.5, 9.5, 9.5)
c(5.7, 5.7, 5.7, 5.7, 5.7, 5.7, 5.7, 5.7, 5.8, 5.8, 5.8, 5.8, 5.8, 5.8, 5.8, 5.8)
c(6.4, 6.4, 5.8, 5.8, 5.8, 5.8, 5.8, 5.8, 5.8, 6.1, 6.1, 6.1, 6.1, 6.3, 6.3, 6.3)
c(0.7, 0.7, 0.7, 0.6, 0.5, 0.5, 0.5, 0.5, 0.5, 0.5, 0.5, 0.6, 0.7, 0.6, 0.6, 0.6)
c(3.0, 3.0, 3.0, 3.0, 3.0, 3.0, 3.0, 3.0, 3.0, 3.0, 3.0, 3.0, 3.0, 3.0, 3.0, 3.0)
c(6.0, 6.0, 6.0, 6.0, 6.0, 6.0, 6.0, 6.0, 6.0, 6.0, 6.0, 5.9, 5.9, 6.7, 6.7, 6.7)
c(95.0, 95.0, 88.0, 88.0, 88.0, 88.0, 88.0, 88.0, 88.0, 88.0, 88.0, 88.0, 95.0, 95.0, 95.0, 95.0)
c(71.0, 71.0, 68.0, 71.0, 76.0, 70.0, 68.0, 71.0, 71.0, 73.0, 73.0, 75.0, 76.0, 71.0, 75.0, 76.0)
c(163.0, 163.0, 163.0, 163.0, 163.0, 163.0, 163.0, 163.0, 163.0, 163.0, 163.0, 163.0, 163.0, 163.0, 163.0, 163.0)
c(6.0, 6.0, 6.0, 6.0, 6.0, 6.0, 6.0, 6.0, 6.0, 6.0, 6.0, 6.0, 6.0, 6.0, 6.0, 8.0)
c(136.0, 136.0, 136.0, 136.0, 136.0, 136.0, 136.0, 136.0, 136.0, 136.0, 136.0, 146.0, 146.0, 136.0, 146.0, 136.0)
c(7.1, 18.3, 18.3, 18.3, 18.3, 12.8, 7.3, 18.4, 18.4, 7.8, 7.8, 7.8, 7.8, 7.8, 7.3, 7.4)
c(3.0, 3.0, 3.0, 3.0, 3.0, 3.0, 3.0, 3.0, 3.0, 3.0, 3.0, 3.0, 3.0, 3.0, 3.0, 3.0)
c(4.2, 3.4, 3.4, 3.4, 3.4, 3.4, 3.4, 3.4, 3.4, 3.4, 3.4, 3.4, 3.4, 3.4, 3.4, 3.4)
c(10.4, 12.7, 11.7, 12.7, 12.7, 12.7, 12.7, 12.7, 12.7, 12.7, 12.7, 12.7, 12.7, 12.7, 12.7, 12.7)
c(3.9, 3.9, 3.9, 3.6, 3.9, 3.9, 3.9, 3.9, 3.9, 3.9, 3.9, 3.9, 3.9, 3.9, 3.9, 3.9)
c(3.0, 3.0, 3.0, 3.0, 3.0, 3.0, 3.0, 3.0, 3.0, 3.0, 3.0, 3.0, 3.0, 3.0, 3.0, 3.0)
c(9.2, 9.2, 9.3, 9.3, 9.3, 9.3, 9.3, 9.3, 9.3, 9.3, 9.3, 9.3, 9.3, 9.3, 9.3, 9.3)
c(12.8, 12.8, 12.3, 12.3, 12.3, 12.3, 12.3, 12.3, 12.3, 12.3, 12.3, 12.3, 12.3, 12.4, 12.4, 12.4)
c(16.0, 15.8, 15.8, 15.8, 15.9, 15.9, 15.9, 15.9, 15.9, 15.9, 15.9, 15.9, 15.9, 15.9, 15.9, 16.0)
c(12.9, 12.9, 12.6, 12.6, 12.6, 12.6, 12.6, 12.6, 12.6, 12.6, 12.6, 12.6, 12.6, 12.6, 12.6, 12.6)
c(7.6, 7.6, 7.3, 7.5, 7.5, 7.4, 7.5, 7.5, 7.5, 7.5, 7.5, 7.5, 7.5, 7.5, 7.5, 7.5)
c(13.9, 13.9, 13.9, 13.9, 13.9, 13.9, 13.9, 13.9, 13.9, 13.9, 14.1, 14.1, 14.1, 14.1, 14.1, 14.1)
c(7.5, 7.5, 7.5, 7.5, 7.5, 7.5, 7.5, 7.4, 7.7, 7.5, 7.5, 7.5, 7.5, 7.5, 8.0, 7.6)
c(17.5, 17.5, 18.1, 17.5, 17.6, 17.55, 17.5, 17.5, 19.3, 18.5, 17.6, 18.0, 17.7, 17.7, 17.6, 17.6)
c(2.4, 2.4, 2.4, 2.4, 2.4, 2.4, 2.4, 2.4, 2.4, 2.4, 2.4, 2.4, 2.4, 2.4, 2.4, 2.4)
c(10.9, 10.9, 10.9, 11.0, 11.0, 11.0, 11.0, 11.0, 11.0, 11.1, 11.1, 11.1, 11.1, 10.9, 10.9, 10.9)
c(2.4, 2.4, 2.4, 2.4, 2.2, 2.2, 2.2, 16.1, 2.6, 6.6, 6.6, 6.6, 6.6, 6.6, 6.6, 2.2)
c(10.2, 10.2, 10.2, 10.2, 10.2, 10.2, 10.2, 10.2, 10.2, 10.2, 10.5, 10.5, 10.5, 10.5, 10.3, 10.3)
c(12.5, 12.5, 12.5, 12.5, 12.5, 12.5, 12.5, 12.5, 12.5, 12.5, 12.6, 12.6, 12.6, 12.6, 12.6, 12.6)
c(9.0, 9.0, 9.2, 9.2, 9.2, 9.1, 9.1, 9.1, 9.1, 9.1, 9.1, 9.1, 9.1, 9.1, 9.1, 9.1)
c(280.0, 280.0, 280.0, 280.0, 280.0, 280.0, 280.0, 280.0, 280.0, 280.0, 280.0, 280.0, 280.0, 285.0, 282.5, 280.0)
c(210.0, 210.0, 210.0, 210.0, 210.0, 210.0, 210.0, 210.0, 210.0, 210.0, 210.0, 210.0, 210.0, 210.0, 210.0, 210.0)
c(210.0, 210.0, 210.0, 210.0, 210.0, 210.0, 210.0, 210.0, 210.0, 210.0, 205.0, 205.0, 210.0, 210.0, 210.0, 210.0)
c(235.0, 230.0, 230.0, 230.0, 230.0, 230.0, 230.0, 230.0, 230.0, 235.0, 225.0, 225.0, 225.0, 225.0, 225.0, 225.0)
c(150.0, 150.0, 150.0, 150.0, 150.0, 150.0, 150.0, 155.0, 155.0, 155.0, 155.0, 155.0, 155.0, 155.0, 155.0, 155.0)
c(315.0, 315.0, 315.0, 315.0, 315.0, 322.5, 330.0, 330.0, 330.0, 315.0, 315.0, 315.0, 315.0, 330.0, 330.0, 330.0)
c(75.0, 75.0, 75.0, 80.0, 80.0, 80.0, 80.0, 80.0, 80.0, 80.0, 80.0, 80.0, 80.0, 80.0, 80.0, 80.0)
c(60.0, 65.0, 65.0, 65.0, 65.0, 65.0, 65.0, 65.0, 65.0, 65.0, 65.0, 65.0, 60.0, 60.0, 60.0, 60.0)
c(215.0, 215.0, 215.0, 215.0, 215.0, 215.0, 215.0, 215.0, 215.0, 215.0, 215.0, 215.0, 215.0, 215.0, 215.0, 215.0)
c(3.4, 3.4, 3.4, 3.4, 3.4, 3.4, 3.4, 3.4, 3.4, 3.4, 3.4, 3.4, 3.4, 3.4, 3.4, 3.4)
c(5.8, 5.8, 5.7, 5.7, 5.7, 5.7, 5.7, 5.7, 5.7, 5.7, 5.8, 5.8, 5.8, 5.8, 5.8, 5.8)
c(9.6, 9.6, 9.2, 9.2, 9.2, 9.2, 9.2, 9.2, 9.2, 9.2, 9.2, 9.2, 9.2, 9.2, 9.3, 9.2)
c(12.2, 12.2, 12.1, 12.1, 12.5, 12.45, 12.4, 12.6, 12.3, 12.3, 12.3, 12.5, 12.7, 12.7, 12.7, 12.7)
c(13.0, 13.0, 13.0, 13.0, 13.0, 13.0, 13.0, 13.0, 13.0, 13.0, 13.0, 13.0, 13.0, 12.5, 12.5, 12.5)
c(8.5, 8.5, 8.1, 10.2, 10.2, 10.2, 10.2, 8.3, 8.3, 8.3, 8.9, 8.4, 8.4, 8.4, 8.4, 8.7)
c(4.0, 4.0, 4.0, 4.0, 4.0, 4.25, 4.5, 4.5, 4.5, 4.5, 4.5, 4.5, 4.5, 4.5, 4.5, 4.5)
c(7.6, 7.6, 7.6, 7.6, 7.6, 7.6, 7.6, 7.6, 7.6, 7.6, 7.6, 7.6, 7.6, 7.6, 7.6, 7.6)
c(10.5, 10.5, 10.4, 10.4, 10.4, 10.4, 10.4, 10.4, 10.4, 10.4, 10.4, 10.5, 10.5, 10.5, 10.5, 10.5)
c(13.0, 13.0, 13.0, 13.0, 13.0, 13.0, 13.0, 13.0, 13.0, 13.0, 13.0, 13.0, 13.0, 13.0, 13.0, 13.0)
c(42.0, 10.0, 10.0, 10.0, 10.0, 10.0, 10.0, 10.0, 10.0, 10.0, 10.0, 10.0, 10.0, 10.0, 10.0, 10.0)
c(23.0, 23.0, 23.0, 23.0, 23.0, 23.0, 23.0, 23.0, 23.0, 23.0, 23.0, 23.0, 23.0, 23.0, 23.0, 23.0)
c(10.0, 10.0, 10.0, 10.0, 10.0, 10.0, 10.0, 10.0, 10.0, 10.0, 10.0, 10.0, 10.0, 10.0, 10.0, 10.0)
c(24.0, 24.0, 25.0, 25.0, 25.0, 24.0, 24.0, 24.0, 24.0, 24.0, 24.0, 24.0, 24.0, 24.0, 24.0, 24.0)
c(17.0, 17.0, 17.0, 17.0, 17.0, 17.0, 17.0, 17.0, 17.0, 17.0, 17.0, 17.0, 17.0, 17.0, 17.0, 17.0)
c(20.0, 20.0, 20.0, 20.0, 20.0, 20.0, 20.0, 20.0, 20.0, 20.0, 20.0, 20.0, 20.0, 20.0, 20.0, 20.0)
c(18.0, 18.0, 18.0, 18.0, 18.0, 18.0, 18.0, 18.0, 18.0, 18.0, 18.0, 18.0, 18.0, 18.0, 18.0, 18.0)
c(255.0, 255.0, 255.0, 260.0, 260.0, 260.0, 260.0, 255.0, 260.0, 260.0, 260.0, 260.0, 260.0, 255.0, 255.0, 255.0)
c(225.0, 225.0, 225.0, 225.0, 225.0, 225.0, 225.0, 225.0, 225.0, 225.0, 225.0, 225.0, 225.0, 225.0, 225.0, 225.0)
c(230.0, 230.0, 230.0, 230.0, 230.0, 230.0, 230.0, 235.0, 235.0, 235.0, 235.0, 235.0, 235.0, 235.0, 235.0, 235.0)
c(270.0, 270.0, 270.0, 270.0, 270.0, 270.0, 270.0, 270.0, 270.0, 270.0, 270.0, 270.0, 270.0, 270.0, 270.0, 270.0)
c(220.0, 215.0, 215.0, 220.0, 220.0, 217.5, 215.0, 215.0, 215.0, 215.0, 215.0, 215.0, 215.0, 215.0, 215.0, 215.0)
c(45.0, 45.0, 45.0, 55.0, 55.0, 55.0, 55.0, 45.0, 45.0, 45.0, 45.0, 45.0, 45.0, 47.5, 50.0, 45.0)
c(225.0, 225.0, 225.0, 225.0, 225.0, 225.0, 225.0, 225.0, 225.0, 225.0, 225.0, 225.0, 225.0, 225.0, 225.0, 225.0)
c(330.0, 330.0, 330.0, 330.0, 330.0, 330.0, 330.0, 330.0, 330.0, 330.0, 330.0, 330.0, 330.0, 330.0, 330.0, 330.0)
c(100.0, 100.0, 100.0, 100.0, 100.0, 100.0, 100.0, 100.0, 100.0, 100.0, 100.0, 105.0, 105.0, 105.0, 105.0, 105.0)
c(300.0, 300.0, 300.0, 300.0, 300.0, 300.0, 300.0, 300.0, 300.0, 300.0, 300.0, 300.0, 300.0, 300.0, 300.0, 300.0)
c(13.5, 13.4, 11.4, 10.5, 10.3, 10.85, 11.4, 11.5, 11.2, 10.9, 10.9, 14.9, 14.9, 13.1, 13.1, 13.1)
c(9.0, 9.0, 9.0, 9.0, 11.0, 10.0, 9.0, 9.0, 9.0, 9.0, 9.0, 9.0, 9.0, 9.0, 9.0, 9.0)
c(2.0, 2.0, 2.0, 2.0, 2.0, 2.0, 2.0, 2.0, 2.0, 2.0, 2.0, 2.0, 2.0, 2.0, 2.0, 2.0)
c(8.1, 8.1, 8.1, 8.1, 8.1, 8.1, 8.1, 8.1, 8.1, 8.1, 8.1, 8.1, 8.1, 8.1, 8.1, 8.1)
c(12.6, 12.6, 12.6, 12.6, 12.6, 12.6, 12.6, 12.6, 12.6, 12.6, 12.6, 12.6, 12.6, 12.6, 12.6, 12.6)
c(3.3, 3.4, 3.4, 3.4, 3.4, 3.4, 3.4, 3.4, 3.4, 3.4, 3.4, 3.4, 3.4, 3.2, 3.2, 3.2)
c(303.0, 305.0, 303.0, 303.0, 303.0, 303.0, 303.0, 303.0, 303.0, 303.0, 313.0, 313.0, 312.0, 311.0, 311.0, 313.0)
c(375.0, 380.0, 380.0, 380.0, 380.0, 380.0, 380.0, 380.0, 380.0, 375.0, 375.0, 375.0, 375.0, 375.0, 375.0, 345.0)
c(425.0, 425.0, 425.0, 425.0, 420.0, 420.0, 420.0, 420.0, 420.0, 420.0, 420.0, 420.0, 420.0, 420.0, 420.0, 425.0)
c(290.0, 290.0, 290.0, 290.0, 290.0, 290.0, 290.0, 290.0, 290.0, 290.0, 290.0, 290.0, 290.0, 290.0, 290.0, 290.0)
c(290.0, 290.0, 290.0, 290.0, 290.0, 290.0, 290.0, 290.0, 290.0, 290.0, 290.0, 290.0, 321.0, 321.0, 321.0, 290.0)
c(111.0, 111.0, 111.0, 111.0, 111.0, 111.0, 111.0, 111.0, 111.0, 111.0, 111.0, 111.0, 111.0, 111.0, 111.0, 111.0)
c(145.0, 145.0, 145.0, 145.0, 145.0, 145.0, 145.0, 145.0, 145.0, 145.0, 145.0, 145.0, 145.0, 145.0, 145.0, 145.0)
c(183.0, 185.0, 185.0, 184.0, 183.0, 183.0, 183.0, 183.0, 183.0, 183.0, 183.0, 183.0, 183.0, 183.0, 183.0, 185.0)
c(143.0, 143.0, 143.0, 143.0, 143.0, 143.0, 143.0, 143.0, 143.0, 143.0, 143.0, 143.0, 143.0, 143.0, 143.0, 143.0)
c(15.0, 14.0, 14.0, 14.0, 14.0, 14.0, 14.0, 14.0, 14.0, 14.0, 14.0, 14.0, 14.0, 14.0, 13.0, 13.0)
c(9.8, 9.8, 9.9, 9.9, 9.9, 9.9, 9.9, 9.7, 9.7, 9.7, 9.7, 9.7, 9.7, 9.75, 9.8, 9.8)
c(25.0, 25.0, 25.0, 25.0, 25.0, 25.0, 25.0, 25.0, 25.0, 25.0, 25.0, 25.0, 25.0, 25.0, 26.0, 26.0)
c(1.0, 1.0, 1.0, 1.0, 1.0, 1.0, 1.0, 1.0, 1.0, 1.0, 1.0, 1.0, 1.0, 1.0, 1.0, 1.0)
c(23.0, 23.0, 23.0, 23.0, 23.0, 23.0, 23.0, 23.0, 23.0, 23.0, 23.0, 23.0, 23.0, 23.0, 23.0, 23.0)
c(11.0, 11.0, 11.0, 11.0, 12.0, 12.0, 12.0, 12.0, 11.0, 11.0, 11.0, 11.5, 12.0, 11.0, 11.0, 11.0)
c(9.3, 9.3, 9.45, 9.6, 9.6, 9.6, 9.6, 9.6, 9.4, 9.4, 9.4, 9.4, 9.4, 9.4, 9.4, 9.4)
c(6.1, 6.1, 6.2, 6.2, 6.2, 6.2, 6.2, 6.2, 6.2, 6.1, 6.1, 6.1, 6.1, 6.1, 6.1, 6.1)
c(12.7, 12.7, 12.6, 13.1, 12.9, 12.9, 12.9, 12.9, 12.9, 12.3, 12.3, 12.3, 12.2, 12.15, 12.1, 12.1)
c(8.6, 8.6, 8.6, 8.7, 8.7, 8.7, 8.7, 8.7, 8.7, 8.6, 8.6, 8.6, 8.6, 8.55, 8.5, 8.5)
c(490.0, 490.0, 490.0, 490.0, 490.0, 490.0, 490.0, 490.0, 490.0, 490.0, 490.0, 490.0, 490.0, 490.0, 490.0, 490.0)
c(80.0, 80.0, 80.0, 80.0, 80.0, 80.0, 80.0, 80.0, 80.0, 80.0, 80.0, 80.0, 80.0, 80.0, 80.0, 80.0)
c(305.0, 305.0, 305.0, 305.0, 305.0, 305.0, 305.0, 305.0, 305.0, 305.0, 305.0, 305.0, 305.0, 305.0, 305.0, 305.0)
c(235.0, 235.0, 235.0, 235.0, 235.0, 235.0, 235.0, 235.0, 235.0, 235.0, 235.0, 235.0, 235.0, 230.0, 230.0, 230.0)
c(180.0, 180.0, 180.0, 180.0, 180.0, 180.0, 180.0, 180.0, 180.0, 180.0, 180.0, 180.0, 180.0, 180.0, 180.0, 180.0)
c(255.0, 255.0, 255.0, 255.0, 255.0, 260.0, 265.0, 265.0, 265.0, 265.0, 265.0, 265.0, 265.0, 265.0, 265.0, 265.0)
c(130.0, 130.0, 130.0, 130.0, 130.0, 130.0, 130.0, 130.0, 130.0, 130.0, 130.0, 130.0, 130.0, 130.0, 130.0, 130.0)
c(285.0, 285.0, 285.0, 285.0, 285.0, 285.0, 285.0, 285.0, 285.0, 285.0, 285.0, 285.0, 285.0, 285.0, 285.0, 285.0)
c(28.0, 28.0, 29.0, 28.0, 28.0, 28.0, 28.0, 28.0, 28.0, 29.0, 29.0, 29.0, 29.0, 28.0, 28.0, 28.0)
c(211.0, 211.0, 211.0, 211.0, 211.0, 211.0, 211.0, 211.0, 216.0, 216.0, 216.0, 216.0, 216.0, 216.0, 216.0, 216.0)
c(338.0, 330.0, 330.0, 338.0, 338.0, 338.0, 338.0, 338.0, 423.0, 508.0, 338.0, 338.0, 338.0, 334.0, 330.0, 338.0)
c(285.0, 285.0, 285.0, 283.0, 283.0, 283.0, 283.0, 283.0, 283.0, 283.0, 283.0, 283.0, 283.0, 283.0, 283.0, 283.0)
c(285.0, 283.0, 281.0, 281.0, 281.0, 281.0, 281.0, 281.0, 285.0, 285.0, 285.0, 285.0, 285.0, 285.0, 285.0, 285.0)
c(363.0, 363.0, 363.0, 363.0, 363.0, 363.0, 363.0, 363.0, 363.0, 363.0, 363.0, 365.0, 363.0, 363.0, 363.0, 363.0)
c(116.0, 116.0, 116.0, 116.0, 116.0, 116.0, 116.0, 116.0, 116.0, 116.0, 116.0, 116.0, 116.0, 116.0, 115.0, 116.0)
c(250.0, 250.0, 250.0, 250.0, 250.0, 250.0, 250.0, 248.0, 250.0, 250.0, 250.0, 250.0, 250.0, 250.0, 250.0, 250.0)
c(176.0, 176.0, 176.0, 176.0, 176.0, 176.0, 176.0, 176.0, 176.0, 176.0, 176.0, 176.0, 176.0, 176.0, 176.0, 176.0)
c(290.0, 290.0, 290.0, 290.0, 290.0, 290.0, 290.0, 290.0, 283.0, 283.0, 283.0, 290.0, 290.0, 290.0, 290.0, 290.0)
c(303.0, 303.0, 303.0, 303.0, 305.0, 305.0, 305.0, 305.0, 305.0, 303.0, 303.0, 303.0, 303.0, 305.0, 305.0, 305.0)
c(5.6, 5.6, 5.8, 5.8, 5.8, 5.8, 5.8, 5.8, 5.8, 5.8, 5.8, 5.8, 5.8, 5.8, 5.6, 5.6)
c(26.6, 25.9, 25.7, 25.8, 25.9, 26.0, 25.7, 25.7, 26.3, 26.1, 26.1, 25.85, 25.6, 25.7, 25.9, 25.3)
c(11.3, 11.3, 11.0, 11.1, 11.1, 11.1, 11.1, 11.1, 11.1, 11.1, 11.2, 11.3, 11.3, 11.3, 11.2, 11.2)
c(19.5, 19.5, 19.5, 19.5, 19.5, 19.5, 19.5, 19.5, 19.5, 19.5, 19.5, 19.8, 19.8, 19.8, 19.7, 19.7)
c(8.3, 8.5, 8.3, 8.5, 8.5, 8.5, 8.5, 8.5, 8.5, 8.45, 8.4, 8.4, 8.3, 8.3, 8.3, 8.3)
c(11.5, 11.5, 11.3, 11.3, 11.3, 11.3, 11.3, 11.3, 11.3, 11.3, 11.3, 11.5, 11.5, 11.5, 11.4, 11.4)
c(15.6, 15.6, 15.2, 15.2, 15.2, 15.2, 15.2, 15.6, 15.6, 15.6, 15.6, 15.5, 15.5, 15.7, 15.4, 15.4)
c(10.5, 10.5, 10.3, 10.3, 10.3, 10.3, 10.3, 10.3, 10.3, 10.3, 10.3, 10.3, 10.7, 10.7, 10.4, 10.4)
c(14.4, 15.8, 15.8, 15.45, 15.1, 15.1, 15.1, 14.4, 14.4, 14.6, 14.0, 14.05, 14.1, 14.8, 14.2, 14.2)
c(3.9, 4.0, 3.7, 3.7, 3.7, 3.7, 3.7, 3.7, 3.7, 3.7, 3.7, 4.0, 4.0, 4.0, 3.9, 3.9)
c(185.0, 185.0, 185.0, 185.0, 185.0, 185.0, 185.0, 185.0, 185.0, 185.0, 185.0, 185.0, 185.0, 185.0, 185.0, 185.0)
c(270.0, 270.0, 270.0, 270.0, 270.0, 270.0, 270.0, 270.0, 270.0, 270.0, 270.0, 270.0, 270.0, 270.0, 270.0, 270.0)
c(95.0, 95.0, 95.0, 95.0, 95.0, 95.0, 95.0, 95.0, 95.0, 95.0, 95.0, 95.0, 95.0, 95.0, 100.0, 100.0)
c(215.0, 215.0, 210.0, 210.0, 210.0, 210.0, 210.0, 210.0, 225.0, 220.0, 220.0, 215.0, 215.0, 215.0, 210.0, 210.0)
c(301.0, 301.0, 301.0, 301.0, 300.0, 300.0, 300.0, 300.0, 300.0, 300.0, 300.0, 300.0, 300.0, 300.0, 300.0, 300.0)
c(5.0, 5.0, 5.0, 5.0, 5.0, 5.0, 5.0, 5.0, 5.0, 5.0, 5.0, 5.0, 5.0, 5.0, 5.0, 5.0)
c(3.0, 3.0, 3.0, 3.0, 3.0, 3.0, 3.0, 3.0, 3.0, 3.0, 3.0, 3.0, 3.0, 3.0, 3.0, 3.0)
c(7.0, 7.0, 7.0, 7.0, 7.0, 7.0, 7.0, 7.0, 7.0, 7.0, 7.0, 7.0, 7.0, 7.0, 7.0, 7.0)
c(3.0, 3.0, 3.0, 3.0, 3.0, 3.0, 3.0, 3.0, 3.0, 3.0, 3.0, 3.0, 3.0, 3.0, 3.0, 3.0)
c(3.0, 3.0, 3.0, 3.0, 3.0, 3.0, 3.0, 3.0, 3.0, 3.0, 3.0, 3.0, 3.0, 3.0, 3.0, 3.0)
c(9.7, 9.7, 9.7, 9.7, 9.7, 9.7, 9.7, 9.7, 9.6, 9.7, 9.7, 9.7, 9.7, 9.65, 9.6, 10.1)
c(11.6, 11.6, 11.6, 11.6, 11.6, 11.6, 11.6, 11.6, 11.6, 11.6, 11.4, 11.4, 11.4, 11.5, 11.3, 11.3)
c(4.0, 4.0, 4.0, 4.0, 3.9, 3.9, 3.9, 3.9, 3.9, 3.9, 3.9, 3.9, 3.9, 3.9, 3.9, 3.9)
c(7.6, 7.6, 7.6, 7.6, 7.6, 7.6, 7.6, 7.6, 7.6, 7.6, 7.3, 7.3, 7.3, 7.3, 7.3, 7.3)
c(4.8, 4.8, 4.8, 5.0, 5.4, 4.8, 4.8, 4.8, 4.8, 4.8, 4.8, 4.8, 4.8, 4.8, 4.8, 4.8)
c(0.1, 0.1, 0.1, 0.1, 0.1, 0.1, 0.1, 0.1, 0.1, 0.1, 0.1, 0.1, 0.1, 0.1, 0.1, 0.1)
c(3.1, 3.1, 3.1, 3.1, 3.1, 3.1, 3.1, 3.1, 3.1, 3.1, 3.1, 3.1, 3.1, 3.1, 3.1, 3.1)
c(85.0, 85.0, 85.0, 85.0, 85.0, 85.0, 85.0, 85.0, 85.0, 85.0, 85.0, 85.0, 85.0, 85.0, 85.0, 85.0)
c(160.0, 160.0, 145.0, 130.0, 130.0, 130.0, 130.0, 130.0, 130.0, 130.0, 130.0, 130.0, 130.0, 130.0, 130.0, 130.0)
c(70.0, 70.0, 70.0, 65.0, 70.0, 67.5, 65.0, 65.0, 70.0, 70.0, 70.0, 70.0, 65.0, 65.0, 65.0, 70.0)
c(55.0, 60.0, 55.0, 60.0, 55.0, 55.0, 55.0, 55.0, 60.0, 55.0, 60.0, 60.0, 60.0, 60.0, 55.0, 60.0)
c(305.0, 305.0, 71.0, 71.0, 71.0, 73.0, 73.0, 73.0, 73.0, 73.0, 73.0, 73.0, 73.0, 73.0, 76.0, 76.0)
c(61.0, 61.0, 61.0, 61.0, 61.0, 61.0, 61.0, 61.0, 61.0, 61.0, 61.0, 61.0, 61.0, 61.0, 61.0, 61.0)
c(91.0, 91.0, 91.0, 91.0, 91.0, 91.0, 91.0, 91.0, 91.0, 91.0, 91.0, 91.0, 91.0, 90.0, 90.0, 90.0)
c(66.0, 66.0, 66.0, 66.0, 66.0, 65.0, 65.0, 30.0, 30.0, 30.0, 30.0, 30.0, 30.0, 30.0, 30.0, 30.0)
c(53.0, 53.0, 53.0, 53.0, 53.0, 53.0, 53.0, 53.0, 53.0, 51.0, 55.0, 56.5, 58.0, 30.0, 48.0, 48.0)
c(81.0, 81.0, 73.0, 73.0, 73.0, 73.0, 73.0, 73.0, 73.0, 73.0, 73.0, 73.0, 73.0, 73.0, 73.0, 73.0)
c(75.0, 75.0, 75.0, 75.0, 75.0, 75.0, 75.0, 75.0, 75.0, 75.0, 75.0, 75.0, 75.0, 75.0, 75.0, 85.0)
c(271.0, 271.0, 271.0, 271.0, 271.0, 271.0, 271.0, 271.0, 271.0, 271.0, 271.0, 271.0, 271.0, 271.0, 273.0, 273.0)
c(14.7, 14.7, 14.7, 14.7, 14.7, 14.7, 14.7, 14.7, 14.7, 14.7, 14.7, 14.7, 14.7, 14.7, 14.7, 14.7)
c(3.0, 3.0, 3.0, 3.0, 3.0, 3.0, 3.0, 3.0, 3.0, 3.0, 3.0, 3.0, 3.0, 3.0, 3.0, 3.0)
c(6.5, 6.5, 6.5, 6.5, 6.5, 6.5, 6.5, 6.5, 6.5, 6.5, 6.5, 6.5, 6.5, 6.5, 6.5, 6.5)
c(10.4, 10.4, 10.4, 10.4, 10.4, 10.5, 10.5, 10.5, 10.6, 10.6, 10.6, 10.6, 10.7, 10.4, 10.4, 10.6)
c(16.2, 16.2, 16.1, 16.1, 16.1, 16.1, 16.1, 16.1, 16.1, 16.1, 16.1, 16.1, 16.2, 16.2, 16.2, 16.2)
c(4.5, 4.5, 4.5, 9.3, 9.3, 9.3, 9.3, 9.3, 9.3, 9.3, 9.3, 9.3, 9.3, 9.3, 9.3, 9.3)
c(13.0, 13.0, 13.0, 13.0, 13.0, 13.1, 13.1, 13.1, 13.1, 13.1, 13.1, 13.1, 13.1, 13.1, 13.1, 13.1)
c(12.1, 12.1, 12.1, 12.1, 12.1, 12.3, 12.3, 12.3, 12.3, 12.3, 12.2, 12.2, 12.2, 12.2, 12.2, 12.1)
c(8.2, 8.2, 8.2, 8.2, 8.2, 8.2, 8.2, 8.2, 8.2, 8.2, 8.2, 8.2, 8.2, 8.2, 8.2, 8.2)
c(5.2, 5.2, 5.2, 5.2, 5.2, 5.2, 5.2, 5.2, 5.2, 5.2, 5.2, 5.2, 5.2, 5.2, 5.2, 5.2)
c(10.7, 10.8, 10.8, 10.8, 10.8, 10.8, 10.8, 10.8, 10.8, 10.8, 10.8, 10.85, 10.9, 10.9, 10.9, 10.9)
c(19.9, 19.9, 19.6, 19.65, 19.7, 19.9, 19.6, 20.0, 19.9, 20.3, 19.7, 20.1, 19.6, 20.0, 20.1, 20.0)
c(15.7, 15.3, 15.3, 15.3, 15.3, 15.3, 15.3, 15.3, 15.3, 15.3, 15.3, 15.8, 15.8, 15.8, 15.8, 15.4)
c(11.0, 11.0, 11.0, 11.0, 11.0, 11.0, 11.0, 11.0, 11.0, 11.0, 11.0, 11.0, 11.0, 11.0, 11.5, 11.5)
c(9.0, 9.0, 9.0, 8.95, 8.9, 8.9, 8.9, 8.9, 9.2, 9.2, 9.2, 9.2, 9.2, 8.9, 8.9, 8.9)
c(7.4, 7.4, 7.4, 7.4, 7.4, 7.4, 7.4, 7.4, 7.5, 7.5, 7.5, 7.5, 7.5, 7.4, 8.5, 7.9)
c(10.1, 10.1, 10.1, 10.1, 10.1, 9.9, 9.9, 9.9, 10.0, 10.0, 10.0, 10.0, 10.1, 10.1, 10.1, 10.1)
c(3.0, 2.9, 2.9, 2.9, 2.9, 2.9, 2.9, 2.9, 2.9, 2.9, 2.9, 2.9, 2.9, 2.9, 2.9, 2.9)
c(14.1, 13.9, 13.9, 14.05, 14.2, 13.9, 14.2, 13.9, 13.9, 13.8, 14.2, 13.9, 14.0, 14.1, 14.9, 14.2)
c(17.0, 17.0, 17.0, 17.0, 17.0, 17.0, 17.0, 17.0, 17.0, 17.0, 17.0, 17.0, 17.0, 17.0, 17.0, 17.0)
c(11.0, 11.0, 11.0, 11.0, 11.0, 11.0, 11.0, 11.0, 11.0, 11.0, 11.0, 11.0, 11.0, 11.0, 11.0, 11.0)
c(6.0, 6.0, 6.0, 6.0, 6.0, 6.0, 6.0, 6.0, 6.0, 6.0, 6.0, 6.0, 6.0, 6.0, 6.0, 6.0)
c(10.0, 10.0, 10.0, 10.0, 9.0, 9.0, 9.0, 9.0, 9.0, 10.0, 9.0, 9.0, 9.0, 9.0, 10.0, 9.0)
c(15.0, 15.0, 15.0, 15.0, 15.0, 15.0, 15.0, 15.0, 15.0, 15.0, 15.0, 15.0, 15.0, 15.0, 14.0, 14.0)
c(17.0, 17.0, 17.0, 17.0, 17.0, 17.0, 17.0, 17.0, 17.0, 18.0, 18.0, 18.0, 18.0, 18.0, 18.0, 18.0)
c(13.0, 13.0, 13.0, 13.0, 13.0, 13.0, 13.0, 13.0, 12.0, 12.0, 13.0, 13.0, 13.0, 13.0, 13.0, 13.0)
c(6.0, 6.0, 6.0, 6.0, 6.0, 6.0, 6.0, 6.0, 6.0, 6.0, 6.0, 6.0, 6.0, 6.0, 6.0, 6.0)
c(13.0, 13.0, 13.0, 13.0, 13.0, 13.0, 13.0, 13.0, 13.0, 13.0, 13.0, 13.0, 13.0, 13.0, 13.0, 13.0)
c(158.0, 158.0, 158.0, 158.0, 158.0, 158.0, 158.0, 157.0, 157.0, 157.0, 157.0, 157.0, 157.0, 157.0, 157.0, 157.0)
c(152.0, 152.0, 153.0, 152.0, 151.0, 152.0, 154.0, 155.0, 154.0, 155.0, 154.0, 154.0, 153.0, 40.0, 318.0, 318.0)
c(255.0, 255.0, 255.0, 255.0, 255.0, 255.0, 255.0, 255.0, 255.0, 255.0, 255.0, 255.0, 255.0, 255.0, 255.0, 255.0)
c(198.0, 198.0, 198.0, 198.0, 198.0, 198.0, 198.0, 198.0, 198.0, 198.0, 198.0, 198.0, 198.0, 198.0, 198.0, 198.0)
c(200.0, 200.0, 200.0, 200.0, 200.0, 200.0, 200.0, 200.0, 200.0, 200.0, 200.0, 200.0, 200.0, 200.0, 200.0, 200.0)
c(220.0, 220.0, 220.0, 220.0, 220.0, 220.0, 220.0, 220.0, 220.0, 220.0, 220.0, 220.0, 220.0, 220.0, 220.0, 220.0)
c(153.0, 153.0, 153.0, 153.0, 153.0, 154.0, 153.0, 153.0, 154.0, 153.0, 153.0, 153.0, 154.0, 154.0, 154.0, 154.0)
c(140.0, 140.0, 140.0, 140.0, 140.0, 140.0, 140.0, 140.0, 140.0, 140.0, 140.0, 140.0, 140.0, 140.0, 140.0, 140.0)
c(65.0, 65.0, 70.0, 67.5, 65.0, 65.0, 70.0, 70.0, 70.0, 70.0, 70.0, 70.0, 70.0, 70.0, 70.0, 70.0)
c(90.0, 90.0, 90.0, 90.0, 90.0, 90.0, 90.0, 90.0, 90.0, 100.0, 100.0, 100.0, 100.0, 100.0, 100.0, 100.0)
c(18.0, 18.0, 18.2, 18.2, 18.2, 17.8, 17.8, 17.8, 17.8, 18.0, 18.0, 18.0, 18.0, 17.9, 17.9, 17.9)
c(5.0, 5.0, 5.0, 5.0, 5.0, 5.0, 5.0, 4.6, 4.8, 4.8, 4.8, 4.8, 4.8, 4.7, 4.7, 4.7)
c(3.0, 3.0, 3.0, 3.0, 3.0, 3.0, 3.0, 3.0, 3.0, 3.0, 3.0, 3.0, 3.0, 3.0, 3.0, 3.0)
c(11.2, 11.2, 11.2, 11.2, 11.2, 11.2, 11.2, 11.2, 11.2, 11.2, 11.2, 11.2, 11.2, 11.2, 11.2, 11.2)
c(6.1, 6.1, 6.1, 6.2, 6.0, 5.9, 6.0, 6.2, 6.2, 6.1, 6.2, 6.4, 6.4, 6.4, 6.4, 6.4)
c(13.5, 13.5, 13.5, 13.5, 13.5, 13.5, 13.5, 13.5, 13.5, 13.5, 12.8, 12.8, 12.8, 12.8, 12.8, 12.8)
c(10.5, 10.5, 10.5, 10.1, 10.1, 10.5, 10.5, 10.5, 10.5, 10.5, 10.5, 10.5, 10.5, 10.5, 10.65, 10.8)
c(6.5, 6.5, 6.5, 6.5, 6.5, 6.5, 6.5, 6.5, 6.5, 6.5, 6.5, 6.5, 6.5, 6.5, 6.5, 6.5)
c(10.4, 10.4, 10.4, 10.4, 10.4, 10.4, 10.4, 10.4, 10.4, 10.4, 10.4, 10.4, 10.4, 10.4, 10.4, 10.4)
c(32.2, 32.2, 32.3, 32.0, 19.7, 19.7, 19.7, 19.7, 7.8, 7.8, 7.8, 7.8, 7.8, 7.8, 7.8, 7.8)
c(6.0, 6.0, 6.0, 6.0, 6.0, 6.0, 6.0, 6.0, 6.0, 6.0, 6.0, 6.0, 6.0, 6.0, 6.0, 6.0)
c(12.7, 12.3, 12.3, 12.3, 12.3, 12.3, 12.3, 12.3, 12.3, 12.3, 12.3, 12.3, 12.3, 12.2, 12.2, 12.2)
c(20.0, 19.5, 19.0, 19.0, 19.0, 19.0, 19.0, 19.0, 19.0, 19.0, 19.0, 19.0, 19.0, 18.5, 18.5, 19.5)
c(6.6, 6.6, 6.6, 6.6, 6.6, 6.6, 6.6, 6.6, 6.6, 6.6, 6.6, 6.6, 6.6, 6.6, 6.6, 6.6)
c(6.5, 6.5, 6.5, 6.5, 6.5, 6.5, 6.5, 6.5, 6.5, 6.5, 6.5, 6.5, 6.5, 6.4, 6.4, 6.4)
c(11.3, 11.3, 11.3, 11.3, 11.2, 11.2, 11.2, 11.2, 11.2, 11.2, 11.2, 11.2, 11.2, 11.2, 11.2, 11.2)
c(11.0, 11.0, 11.0, 11.0, 11.0, 11.0, 11.0, 11.0, 11.0, 11.0, 11.0, 11.0, 11.0, 11.0, 11.0, 11.0)
c(9.0, 9.0, 9.0, 9.0, 9.0, 9.0, 9.0, 9.0, 9.0, 9.0, 9.0, 9.0, 9.0, 9.0, 9.0, 9.0)
c(3.0, 3.0, 3.0, 3.0, 3.0, 3.0, 3.0, 3.0, 3.0, 3.0, 3.0, 3.0, 3.0, 3.0, 3.0, 3.0)
c(13.0, 13.0, 13.0, 13.5, 14.0, 13.0, 13.0, 13.0, 13.0, 13.0, 13.0, 13.0, 13.0, 13.0, 14.0, 14.0)
c(10.0, 10.0, 10.0, 10.0, 10.0, 10.0, 10.0, 10.0, 10.0, 10.0, 10.0, 10.0, 10.0, 10.0, 10.0, 10.0)
c(13.0, 13.0, 13.0, 13.0, 13.0, 13.0, 14.0, 14.0, 14.0, 14.0, 14.0, 14.0, 14.0, 14.0, 14.0, 14.0)
c(14.0, 14.0, 15.0, 14.5, 14.0, 14.0, 14.0, 14.0, 14.0, 14.0, 14.0, 14.0, 14.0, 14.0, 14.0, 15.0)
c(11.0, 11.0, 11.0, 11.0, 11.0, 11.0, 11.0, 11.0, 11.0, 11.0, 11.0, 11.0, 11.0, 11.0, 11.0, 11.0)
c(311.0, 310.0, 309.0, 310.0, 310.0, 310.0, 310.0, 310.0, 310.0, 310.0, 310.0, 310.0, 310.0, 310.0, 310.0, 310.0)
c(135.0, 135.0, 135.0, 135.0, 135.0, 135.0, 135.0, 135.0, 135.0, 135.0, 135.0, 135.0, 135.0, 135.0, 135.0, 135.0)
c(320.0, 320.0, 320.0, 320.0, 320.0, 320.0, 320.0, 320.0, 320.0, 320.0, 320.0, 320.0, 320.0, 320.0, 320.0, 320.0)
c(235.0, 235.0, 230.0, 230.0, 232.5, 235.0, 235.0, 235.0, 235.0, 235.0, 235.0, 235.0, 235.0, 235.0, 235.0, 235.0)
c(306.0, 306.0, 305.0, 305.0, 307.5, 310.0, 310.0, 310.0, 310.0, 310.0, 310.0, 310.0, 310.0, 310.0, 310.0, 310.0)
c(435.0, 435.0, 435.0, 435.0, 437.5, 440.0, 440.0, 440.0, 440.0, 440.0, 440.0, 440.0, 440.0, 440.0, 440.0, 440.0)
c(258.0, 258.0, 260.0, 260.0, 260.0, 260.0, 260.0, 260.0, 260.0, 260.0, 260.0, 260.0, 260.0, 260.0, 260.0, 260.0)
c(279.0, 279.0, 279.0, 279.0, 279.0, 279.5, 280.0, 280.0, 280.0, 280.0, 280.0, 280.0, 280.0, 280.0, 280.0, 280.0)
c(355.0, 355.0, 355.0, 360.0, 360.0, 357.5, 355.0, 355.0, 360.0, 360.0, 360.0, 360.0, 357.5, 355.0, 360.0, 355.0)
c(408.0, 408.0, 411.0, 411.0, 410.5, 410.0, 410.0, 410.0, 410.0, 410.0, 410.0, 410.0, 410.0, 410.0, 410.0, 410.0)
c(111.0, 111.0, 111.0, 113.0, 115.0, 115.0, 113.0, 113.0, 113.0, 113.0, 113.0, 115.0, 113.0, 115.0, 115.0, 115.0)
c(231.0, 231.0, 231.0, 231.0, 231.0, 231.0, 231.0, 231.0, 231.0, 231.0, 231.0, 231.0, 231.0, 231.0, 231.0, 231.0)
c(110.0, 118.0, 103.0, 108.0, 113.0, 98.0, 110.0, 110.0, 98.0, 115.0, 96.0, 96.0, 106.0, 106.0, 106.0, 106.0)
c(196.0, 196.0, 196.0, 196.0, 196.0, 196.0, 196.0, 200.0, 200.0, 200.0, 200.0, 200.0, 200.0, 200.0, 200.0, 200.0)
c(240.0, 240.0, 240.0, 240.0, 240.0, 240.0, 240.0, 240.0, 240.0, 240.0, 240.0, 240.0, 240.0, 240.0, 240.0, 240.0)
c(195.0, 195.0, 195.0, 195.0, 195.0, 195.0, 195.0, 195.0, 195.0, 195.0, 195.0, 195.0, 195.0, 195.0, 195.0, 195.0)
c(321.0, 328.0, 321.0, 325.5, 330.0, 326.5, 323.0, 323.0, 330.0, 326.0, 321.0, 328.0, 323.0, 321.0, 321.0, 323.0)
c(231.0, 231.0, 231.0, 235.5, 240.0, 240.0, 240.0, 240.0, 238.0, 233.0, 236.0, 236.0, 233.0, 236.0, 236.0, 236.0)
c(90.0, 90.0, 90.0, 90.0, 90.0, 90.0, 90.0, 90.0, 90.0, 90.0, 90.0, 90.0, 90.0, 90.0, 90.0, 90.0)
c(17.0, 17.0, 17.0, 17.0, 17.0, 17.0, 17.0, 17.0, 17.0, 17.0, 17.0, 17.0, 17.0, 17.0, 17.0, 17.0)
c(20.0, 20.0, 20.0, 20.0, 20.0, 20.0, 20.0, 21.0, 20.5, 20.0, 20.0, 20.0, 20.0, 20.0, 20.0, 20.0)
c(14.0, 14.0, 14.0, 14.0, 14.0, 14.0, 14.0, 14.0, 14.0, 14.0, 14.0, 14.0, 14.0, 14.0, 14.0, 14.0)
c(13.0, 13.0, 13.0, 13.0, 13.0, 13.0, 13.0, 13.0, 13.0, 29.0, 29.0, 29.0, 29.0, 29.0, 29.0, 29.0)
c(25.1, 25.2, 25.2, 25.2, 25.2, 26.75, 28.3, 29.7, 31.3, 29.2, 28.8, 28.8, 29.05, 29.3, 29.3, 26.0)
c(11.2, 11.2, 11.2, 11.2, 11.2, 11.2, 11.2, 11.2, 11.2, 11.1, 11.1, 11.1, 11.1, 11.1, 11.1, 11.1)
c(5.9, 5.9, 5.9, 5.9, 5.9, 5.9, 5.9, 6.0, 6.0, 5.7, 5.7, 5.7, 5.7, 5.8, 5.8, 6.0)
c(16.7, 16.7, 16.6, 16.5, 16.6, 16.6, 16.6, 16.6, 16.6, 16.6, 16.6, 16.6, 16.6, 16.6, 16.6, 16.6)
c(3.0, 3.0, 3.0, 3.0, 3.0, 3.0, 3.0, 3.0, 3.0, 3.0, 3.0, 3.0, 3.0, 3.0, 3.0, 3.0)
c(19.2, 19.2, 19.1, 19.1, 19.1, 19.1, 19.1, 19.1, 19.1, 19.1, 19.1, 19.1, 19.1, 19.1, 19.1, 19.1)
c(7.0, 7.0, 7.0, 7.0, 7.0, 7.0, 7.0, 7.0, 7.0, 7.0, 7.0, 7.0, 7.0, 7.0, 7.0, 7.0)
c(10.8, 10.8, 10.8, 10.8, 10.8, 10.8, 10.8, 10.8, 10.8, 10.8, 10.8, 10.8, 10.8, 10.8, 10.8, 10.8)
c(10.0, 10.0, 10.2, 10.2, 10.1, 10.1, 10.1, 10.1, 10.1, 10.1, 10.1, 10.1, 10.0, 10.0, 10.0, 10.0)
c(8.8, 8.8, 8.6, 8.6, 8.6, 8.9, 9.2, 9.2, 9.2, 9.2, 9.2, 9.3, 9.3, 9.2, 9.2, 9.2)
c(17.0, 17.0, 17.0, 17.0, 17.0, 17.0, 17.0, 17.0, 17.0, 17.0, 17.0, 17.0, 16.0, 16.0, 16.0, 16.0)
c(3.0, 3.0, 3.0, 3.0, 3.0, 3.0, 14.0, 14.0, 14.0, 14.0, 14.0, 14.0, 8.5, 3.0, 3.0, 3.0)
c(7.0, 7.0, 7.0, 7.0, 7.0, 7.0, 7.0, 7.0, 7.0, 6.0, 6.0, 6.0, 6.0, 6.0, 6.0, 6.0)
c(5.0, 5.0, 4.0, 4.0, 4.0, 4.0, 4.0, 4.0, 4.0, 4.0, 4.0, 4.0, 4.0, 4.0, 4.0, 4.0)
c(3.0, 3.0, 3.0, 3.0, 3.0, 3.0, 3.0, 3.0, 3.0, 3.0, 3.0, 3.0, 3.0, 3.0, 3.0, 3.0)
c(6.0, 6.0, 6.0, 6.0, 6.0, 6.0, 6.0, 6.0, 6.0, 6.0, 6.0, 6.0, 6.0, 6.0, 6.0, 6.0)
