0;172.24.3.67;Adsl4/0/42;[200.0, 200.0, 200.0, 200.0, 200.0, 200.0, 200.0, 200.0, 200.0, 200.0, 200.0, 200.0, 200.0, 200.0, 200.0, 200.0]
0;172.24.3.67;Adsl0/0/41;[210.0, 202.0, 209.0, 209.0, 210.0, 210.0, 210.0, 210.0, 210.0, 210.0, 210.0, 210.0, 210.0, 200.0, 200.0, 200.0]
0;172.24.3.67;Adsl3/0/30;[196.0, 195.0, 196.0, 196.0, 200.0, 200.0, 200.0, 200.0, 200.0, 200.0, 200.0, 200.0, 200.0, 200.0, 200.0, 200.0]
0;172.24.3.67;Adsl5/0/34;[180.0, 170.0, 175.0, 175.0, 175.0, 175.0, 175.0, 175.0, 180.0, 180.0, 180.0, 180.0, 175.0, 175.0, 175.0, 175.0]
0;172.24.3.67;Adsl6/0/42;[195.0, 190.0, 190.0, 190.0, 190.0, 190.0, 190.0, 190.0, 190.0, 190.0, 190.0, 195.0, 190.0, 195.0, 195.0, 195.0]
0;172.24.3.67;Adsl5/0/46;[165.0, 165.0, 165.0, 165.0, 165.0, 165.0, 165.0, 165.0, 165.0, 165.0, 165.0, 165.0, 165.0, 165.0, 165.0, 165.0]
0;172.24.3.67;Adsl0/0/22;[136.0, 144.0, 144.0, 144.0, 140.0, 140.0, 140.0, 140.0, 150.0, 150.0, 150.0, 150.0, 150.0, 150.0, 150.0, 150.0]
0;172.24.2.32;12/36;[155.0, 155.0, 155.0, 155.0, 155.0, 160.0, 160.0, 160.0, 155.0, 155.0, 155.0, 155.0, 155.0, 155.0, 155.0, 155.0]
0;172.24.2.32;6/30;[283.0, 283.0, 283.0, 283.0, 283.0, 283.0, 283.0, 283.0, 283.0, 283.0, 283.0, 283.0, 283.0, 283.0, 283.0, 283.0]
0;172.24.2.32;8/22;[216.0, 216.0, 216.0, 216.0, 216.0, 216.0, 216.0, 216.0, 216.0, 216.0, 216.0, 216.0, 216.0, 216.0, 216.0, 216.0]
0;172.24.2.32;12/2;[150.0, 150.0, 150.0, 151.0, 151.0, 151.0, 151.0, 152.0, 160.0, 155.0, 155.0, 155.0, 179.0, 179.0, 179.0, 152.0]
0;172.24.2.32;5/6;[167.0, 167.0, 167.0, 167.0, 167.0, 167.0, 167.0, 167.0, 167.0, 167.0, 167.0, 167.0, 167.0, 167.0, 167.0, 167.0]
0;172.24.2.32;12/51;[293.0, 293.0, 293.0, 293.0, 293.0, 293.0, 293.0, 293.0, 293.0, 293.0, 293.0, 293.0, 293.0, 293.0, 293.0, 293.0]
0;172.24.2.32;3/22;[161.0, 161.0, 161.0, 161.0, 161.0, 161.0, 161.0, 168.0, 166.0, 166.0, 166.0, 166.0, 166.0, 166.0, 162.0, 162.0]
0;172.24.2.32;6/31;[163.0, 163.0, 163.0, 163.0, 163.0, 163.0, 163.0, 163.0, 163.0, 163.0, 163.0, 163.0, 163.0, 163.0, 163.0, 163.0]
0;172.24.2.32;6/34;[217.0, 217.0, 217.0, 217.0, 217.0, 217.0, 217.0, 217.0, 217.0, 217.0, 217.0, 217.0, 217.0, 217.0, 217.0, 218.0]
0;172.24.2.32;2/38;[191.0, 191.0, 192.0, 192.0, 192.0, 189.0, 189.0, 189.0, 192.0, 196.0, 192.0, 192.0, 192.0, 190.0, 192.0, 192.0]
0;172.30.4.30;unit-3/port-10;[10.0, 10.0, 10.0, 10.0, 10.0, 10.0, 10.0, 10.0, 10.0, 10.0, 10.0, 10.0, 10.0, 10.0, 10.0, 10.0]
0;172.24.2.148;4/16;[120.0, 120.0, 120.0, 120.0, 120.0, 120.0, 120.0, 120.0, 120.0, 120.0, 120.0, 120.0, 120.0, 120.0, 120.0, 120.0]
0;172.24.2.148;4/14;[30.0, 30.0, 30.0, 30.0, 30.0, 30.0, 30.0, 30.0, 30.0, 30.0, 30.0, 30.0, 30.0, 30.0, 30.0, 30.0]
0;172.24.2.148;4/9;[115.0, 115.0, 115.0, 115.0, 115.0, 115.0, 115.0, 115.0, 115.0, 115.0, 115.0, 115.0, 115.0, 115.0, 115.0, 115.0]
0;172.24.2.148;1/12;[180.0, 180.0, 180.0, 180.0, 180.0, 180.0, 180.0, 180.0, 180.0, 180.0, 180.0, 180.0, 180.0, 180.0, 180.0, 180.0]
0;172.24.2.148;2/12;[84.0, 84.0, 84.0, 84.0, 84.0, 84.0, 84.0, 84.0, 84.0, 84.0, 84.0, 84.0, 84.0, 84.0, 84.0, 84.0]
0;172.24.2.148;1/24;[355.0, 355.0, 355.0, 355.0, 80.0, 80.0, 80.0, 80.0, 80.0, 80.0, 80.0, 80.0, 80.0, 80.0, 80.0, 80.0]
0;172.24.2.148;2/3;[196.0, 196.0, 196.0, 196.0, 195.0, 196.5, 198.0, 197.5, 197.0, 196.0, 197.0, 198.0, 196.0, 196.0, 196.0, 196.0]
0;172.24.2.148;2/7;[102.0, 102.0, 102.0, 102.0, 102.0, 102.0, 102.0, 102.0, 102.0, 102.0, 102.0, 102.0, 102.0, 102.0, 102.0, 102.0]
0;172.24.2.148;1/7;[121.0, 121.0, 121.5, 122.0, 122.0, 121.5, 121.0, 121.0, 125.0, 122.0, 122.5, 123.0, 122.0, 121.0, 120.0, 124.0]
0;172.25.21.154;adsl0/6/10;[211.0, 211.0, 211.0, 211.0, 211.0, 211.0, 211.0, 211.0, 211.0, 211.0, 220.0, 211.0, 211.0, 211.0, 211.0, 211.0]
0;172.25.21.154;adsl0/12/4;[188.0, 186.0, 186.0, 186.0, 186.0, 186.0, 186.0, 186.0, 186.0, 186.0, 186.0, 186.0, 186.0, 186.0, 186.0, 186.0]
0;172.25.21.154;adsl0/15/3;[116.0, 116.0, 116.0, 110.0, 110.0, 112.5, 115.0, 115.0, 115.0, 115.0, 115.0, 131.0, 113.0, 115.0, 115.0, 116.0]
0;172.25.21.154;adsl0/25/11;[100.0, 100.0, 100.0, 100.0, 100.0, 100.5, 101.0, 101.0, 101.0, 101.0, 101.0, 101.0, 101.0, 101.0, 101.0, 101.0]
0;172.25.21.154;adsl0/13/6;[55.0, 56.0, 53.0, 53.0, 56.0, 56.0, 56.0, 56.0, 56.0, 56.0, 58.0, 61.0, 61.0, 61.0, 61.0, 61.0]
0;172.25.21.154;adsl0/13/3;[90.0, 90.0, 90.0, 90.0, 90.0, 90.0, 90.0, 90.0, 90.0, 90.0, 90.0, 90.0, 90.0, 90.0, 90.0, 90.0]
0;172.25.21.154;adsl0/13/4;[293.0, 293.0, 293.0, 293.0, 293.0, 293.0, 293.0, 293.0, 293.0, 293.0, 293.0, 293.0, 293.0, 293.0, 296.0, 296.0]
0;172.25.21.154;adsl0/16/8;[183.0, 182.0, 181.0, 183.0, 183.0, 183.0, 183.0, 183.0, 183.0, 183.0, 183.0, 183.0, 183.0, 183.0, 183.0, 183.0]
0;172.25.21.154;adsl0/22/16;[135.0, 135.0, 135.0, 135.0, 135.0, 135.0, 135.0, 135.0, 135.0, 135.0, 135.0, 135.0, 135.0, 135.0, 135.0, 135.0]
0;172.30.18.41;unit-9/port-72;[2.9, 2.9, 2.9, 2.9, 2.9, 2.9, 2.9, 2.9, 2.9, 2.9, 2.9, 2.9, 2.9, 2.9, 2.9, 2.9]
0;172.30.18.41;unit-9/port-62;[4.7, 4.7, 4.7, 4.7, 4.7, 4.7, 4.7, 4.7, 4.7, 4.7, 4.8, 4.8, 4.8, 4.8, 4.8, 4.8]
0;172.30.18.41;unit-7/port-79;[16.4, 16.4, 16.0, 16.0, 15.0, 14.9, 14.8, 16.3, 14.9, 14.9, 15.1, 16.1, 15.0, 16.5, 16.4, 16.4]
0;172.30.18.41;unit-7/port-82;[4.8, 4.8, 3.0, 3.0, 4.6, 3.0, 3.0, 3.0, 4.9, 4.9, 4.6, 4.6, 4.6, 4.6, 4.6, 4.6]
0;172.30.18.41;unit-9/port-28;[13.1, 13.1, 13.4, 13.4, 13.4, 13.4, 13.5, 13.5, 13.5, 13.5, 13.5, 13.5, 13.5, 13.5, 13.5, 13.5]
0;172.30.18.41;unit-7/port-80;[3.0, 3.0, 3.0, 3.0, 3.0, 3.0, 3.0, 3.0, 3.0, 3.0, 3.0, 3.0, 3.0, 3.0, 3.0, 3.0]
0;172.30.18.41;unit-7/port-32;[17.6, 17.6, 17.6, 17.6, 17.6, 17.6, 17.6, 17.6, 17.6, 17.6, 17.7, 17.7, 17.7, 17.7, 17.7, 17.7]
0;172.30.18.41;unit-9/port-40;[6.6, 6.6, 6.6, 6.6, 6.6, 6.6, 6.6, 6.6, 6.6, 6.6, 6.6, 6.7, 6.7, 6.7, 6.7, 6.7]
0;172.30.18.41;unit-9/port-17;[10.9, 10.9, 11.4, 11.4, 11.4, 11.4, 11.4, 11.4, 11.4, 11.1, 11.1, 11.1, 11.1, 11.1, 11.1, 11.1]
0;172.30.18.41;unit-7/port-45;[3.0, 3.0, 3.5, 3.5, 3.0, 3.0, 3.0, 3.0, 3.0, 3.0, 3.0, 3.0, 3.0, 3.0, 3.0, 3.0]
0;172.24.3.233;Adsl4/0/23;[145.0, 145.0, 145.0, 145.0, 145.0, 145.0, 145.0, 145.0, 145.0, 145.0, 145.0, 145.0, 145.0, 145.0, 145.0, 145.0]
0;172.24.3.233;Adsl5/0/46;[290.0, 290.0, 290.0, 290.0, 290.0, 290.0, 290.0, 290.0, 290.0, 290.0, 260.0, 260.0, 260.0, 260.0, 260.0, 260.0]
0;172.24.3.233;Adsl6/0/14;[24.0, 24.0, 24.0, 24.0, 24.0, 20.0, 20.0, 20.0, 20.0, 20.0, 20.0, 20.0, 20.0, 20.0, 20.0, 20.0]
0;172.24.3.233;Adsl5/0/22;[93.0, 93.0, 93.0, 93.0, 93.0, 90.0, 90.0, 90.0, 90.0, 90.0, 90.0, 90.0, 90.0, 90.0, 90.0, 90.0]
0;172.24.3.233;Adsl4/0/28;[100.0, 100.0, 100.0, 100.0, 100.0, 100.0, 100.0, 100.0, 100.0, 100.0, 100.0, 100.0, 100.0, 100.0, 100.0, 100.0]
0;172.24.3.233;Adsl4/0/36;[200.0, 200.0, 190.0, 200.0, 200.0, 190.0, 190.0, 200.0, 200.0, 240.0, 200.0, 205.0, 205.0, 200.0, 205.0, 200.0]
0;172.24.3.233;Adsl6/0/4;[130.0, 130.0, 130.0, 130.0, 130.0, 130.0, 130.0, 130.0, 140.0, 140.0, 140.0, 135.0, 130.0, 130.0, 130.0, 130.0]
0;172.24.3.233;Adsl4/0/13;[115.0, 115.0, 115.0, 115.0, 115.0, 110.0, 110.0, 110.0, 110.0, 115.0, 115.0, 115.0, 115.0, 115.0, 115.0, 115.0]
0;172.24.3.233;Adsl5/0/35;[81.0, 81.0, 79.0, 79.0, 79.0, 100.0, 80.0, 80.0, 80.0, 80.0, 80.0, 80.0, 100.0, 80.0, 80.0, 80.0]
0;172.24.3.233;Adsl5/0/13;[142.0, 142.0, 142.0, 142.0, 142.0, 140.0, 140.0, 140.0, 140.0, 140.0, 140.0, 140.0, 140.0, 140.0, 140.0, 140.0]
0;172.30.14.89;unit-7/port-51;[3.7, 3.7, 3.9, 3.5, 3.9, 3.85, 3.8, 3.7, 4.9, 4.9, 4.2, 5.2, 5.1, 3.6, 3.6, 3.9]
0;172.30.14.89;unit-12/port-72;[3.0, 3.0, 3.0, 3.0, 3.0, 3.0, 3.0, 3.0, 3.0, 3.0, 3.0, 3.0, 3.0, 3.0, 3.0, 3.0]
0;172.30.14.89;unit-12/port-14;[8.1, 8.1, 8.1, 8.1, 8.1, 8.1, 8.1, 8.1, 8.1, 8.1, 8.1, 8.1, 8.1, 8.1, 8.1, 8.1]
0;172.30.14.89;unit-12/port-96;[7.6, 7.6, 7.6, 7.6, 7.6, 7.6, 7.6, 7.6, 7.6, 7.6, 7.6, 7.6, 7.6, 7.6, 7.7, 7.5]
0;172.30.14.89;unit-7/port-71;[8.0, 8.0, 7.5, 7.5, 7.5, 7.5, 7.5, 7.5, 7.5, 7.5, 7.5, 8.5, 12.0, 8.0, 8.0, 8.0]
0;172.30.14.89;unit-9/port-57;[10.1, 10.1, 10.3, 10.3, 10.3, 10.3, 10.3, 10.5, 10.2, 10.3, 10.9, 10.3, 10.8, 10.3, 11.3, 10.3]
0;172.30.14.89;unit-9/port-37;[19.0, 19.0, 19.0, 19.0, 19.0, 19.0, 19.0, 19.0, 19.0, 19.0, 19.0, 19.0, 19.0, 19.0, 19.0, 19.0]
0;172.30.14.89;unit-7/port-35;[6.1, 6.1, 6.1, 6.1, 6.1, 6.2, 6.3, 6.3, 6.3, 6.0, 6.0, 6.0, 6.0, 6.0, 6.0, 6.0]
0;172.30.14.89;unit-9/port-20;[9.6, 9.6, 9.6, 9.6, 9.6, 9.6, 9.6, 9.6, 9.6, 9.6, 9.6, 9.6, 9.6, 9.6, 9.6, 9.6]
0;172.30.14.89;unit-9/port-2;[10.1, 9.7, 9.7, 9.7, 9.7, 9.7, 9.7, 9.7, 9.6, 9.6, 9.6, 9.6, 9.6, 9.6, 9.6, 9.6]
0;172.30.15.166;unit-9/port-40;[6.2, 6.2, 5.0, 5.0, 5.1, 5.1, 5.1, 5.1, 5.1, 5.6, 5.6, 5.6, 4.9, 4.9, 4.9, 4.9]
0;172.30.15.166;unit-9/port-90;[14.7, 14.7, 14.8, 14.8, 14.8, 14.8, 14.8, 14.8, 14.8, 14.8, 14.8, 14.8, 4.8, 4.8, 4.8, 4.8]
0;172.30.15.166;unit-7/port-27;[7.5, 7.5, 7.4, 7.4, 7.6, 7.4, 7.3, 7.3, 7.3, 7.6, 7.5, 7.4, 7.4, 7.4, 7.7, 7.7]
0;172.30.15.166;unit-9/port-65;[5.1, 5.1, 5.1, 5.1, 5.0, 5.0, 5.0, 5.0, 5.0, 5.0, 5.1, 5.2, 5.1, 5.1, 5.0, 5.0]
0;172.30.15.166;unit-9/port-64;[0.5, 0.5, 1.4, 1.4, 1.4, 1.4, 1.4, 1.4, 1.4, 1.4, 1.4, 1.4, 1.4, 1.4, 1.4, 1.4]
0;172.30.15.166;unit-9/port-85;[1.9, 1.9, 1.1, 1.1, 1.1, 1.0, 1.0, 1.0, 1.1, 1.1, 1.1, 1.1, 1.1, 1.1, 1.4, 1.4]
0;172.30.15.166;unit-7/port-12;[3.0, 3.0, 3.0, 3.0, 3.0, 3.0, 3.0, 3.0, 3.0, 3.0, 3.0, 3.0, 3.0, 3.0, 3.0, 3.0]
0;172.30.15.166;unit-7/port-83;[11.1, 11.1, 10.9, 10.9, 10.9, 10.9, 11.2, 11.2, 11.2, 11.2, 11.2, 11.2, 11.1, 11.1, 11.1, 11.1]
0;172.30.15.166;unit-9/port-77;[5.3, 5.3, 6.3, 6.3, 6.3, 6.3, 6.3, 6.2, 6.3, 6.3, 6.3, 6.3, 6.1, 6.1, 6.1, 6.1]
0;172.30.4.126;unit-7/port-8;[8.0, 8.0, 8.0, 8.0, 8.0, 8.0, 8.0, 8.0, 8.0, 8.0, 8.0, 8.0, 8.0, 8.0, 8.0, 8.0]
0;172.30.4.126;unit-7/port-4;[10.0, 10.0, 10.0, 10.0, 10.0, 10.0, 10.0, 10.0, 10.0, 10.0, 10.0, 10.0, 10.0, 10.0, 10.0, 10.0]
0;172.30.4.126;unit-5/port-8;[15.0, 15.0, 15.0, 15.0, 15.0, 15.0, 15.0, 15.0, 15.0, 15.0, 15.0, 15.0, 15.0, 15.0, 15.0, 15.0]
0;172.30.4.126;unit-9/port-53;[12.0, 12.0, 12.0, 12.0, 12.0, 12.0, 12.0, 12.0, 12.0, 12.0, 12.0, 12.0, 12.0, 12.0, 12.0, 12.0]
1;172.25.22.144;unit-9/port-11;[5.0, 5.0, 5.0, 5.0, 5.0, 5.0, 5.0, 5.0, 5.0, 5.0, 5.0, 5.0, 5.0, 5.0, 5.0, 5.0]
1;172.25.22.144;unit-17/port-61;[20.0, 20.0, 20.0, 20.0, 20.0, 20.0, 20.0, 20.0, 20.0, 20.0, 20.0, 20.0, 20.0, 20.0, 20.0, 20.0]
1;172.25.22.144;unit-3/port-50;[7.0, 7.0, 6.0, 6.0, 6.0, 6.0, 6.0, 6.0, 6.0, 6.0, 6.0, 6.0, 6.0, 6.0, 6.0, 6.0]
1;172.25.22.144;unit-20/port-29;[6.0, 6.0, 6.0, 6.0, 6.0, 6.0, 6.0, 6.0, 6.0, 6.0, 6.0, 6.0, 6.0, 6.0, 6.0, 6.0]
1;172.25.22.144;unit-5/port-49;[4.0, 4.0, 4.0, 4.0, 4.0, 4.0, 4.0, 4.0, 4.0, 4.0, 4.0, 4.0, 4.0, 4.0, 4.0, 4.0]
1;172.25.22.144;unit-12/port-27;[9.0, 9.0, 9.0, 9.0, 9.0, 9.0, 9.0, 9.0, 9.0, 9.0, 9.0, 9.0, 9.0, 9.0, 9.0, 9.0]
1;172.24.3.68;Adsl9/0/44;[190.0, 200.0, 200.0, 200.0, 205.0, 202.5, 200.0, 195.0, 195.0, 200.0, 200.0, 200.0, 200.0, 200.0, 200.0, 200.0]
1;172.24.3.68;Adsl10/0/8;[160.0, 160.0, 160.0, 160.0, 160.0, 160.0, 160.0, 160.0, 160.0, 160.0, 160.0, 160.0, 160.0, 160.0, 160.0, 160.0]
1;172.24.3.68;Adsl3/0/32;[300.0, 300.0, 300.0, 300.0, 300.0, 300.0, 300.0, 300.0, 300.0, 300.0, 300.0, 305.0, 305.0, 305.0, 305.0, 305.0]
1;172.24.3.68;Adsl1/0/16;[320.0, 320.0, 330.0, 327.5, 325.0, 325.0, 325.0, 325.0, 325.0, 325.0, 325.0, 325.0, 325.0, 325.0, 325.0, 325.0]
1;172.24.3.68;Adsl2/0/2;[260.0, 260.0, 260.0, 265.0, 265.0, 265.0, 265.0, 265.0, 260.0, 265.0, 265.0, 265.0, 265.0, 265.0, 275.0, 275.0]
1;172.24.3.208;Adsl14/0/19;[87.0, 87.0, 86.0, 86.0, 90.0, 90.0, 90.0, 90.0, 90.0, 90.0, 90.0, 90.0, 90.0, 90.0, 90.0, 90.0]
1;172.24.3.208;Adsl15/0/10;[100.0, 100.0, 100.0, 100.0, 100.0, 100.0, 100.0, 100.0, 100.0, 100.0, 100.0, 100.0, 100.0, 100.0, 100.0, 100.0]
1;172.24.3.208;Adsl15/0/8;[35.0, 35.0, 35.0, 35.0, 35.0, 35.0, 35.0, 35.0, 35.0, 35.0, 35.0, 35.0, 35.0, 35.0, 35.0, 35.0]
1;172.24.3.208;Adsl12/0/31;[125.0, 125.0, 125.0, 125.0, 125.0, 125.0, 125.0, 125.0, 125.0, 125.0, 125.0, 125.0, 125.0, 125.0, 125.0, 125.0]
1;172.24.3.208;Adsl9/0/39;[175.0, 180.0, 175.0, 180.0, 180.0, 177.5, 175.0, 175.0, 180.0, 185.0, 185.0, 185.0, 185.0, 175.0, 180.0, 175.0]
1;172.24.3.208;Adsl14/0/29;[155.0, 155.0, 155.0, 155.0, 160.0, 160.0, 160.0, 160.0, 160.0, 160.0, 160.0, 160.0, 160.0, 160.0, 160.0, 160.0]
1;172.24.3.208;Adsl9/0/27;[180.0, 175.0, 175.0, 175.0, 175.0, 175.0, 175.0, 175.0, 175.0, 175.0, 175.0, 175.0, 175.0, 175.0, 175.0, 175.0]
1;172.24.3.208;Adsl15/0/32;[170.0, 170.0, 170.0, 170.0, 170.0, 170.0, 170.0, 170.0, 170.0, 170.0, 170.0, 170.0, 170.0, 170.0, 170.0, 170.0]
1;172.24.3.208;Adsl13/0/19;[85.0, 85.0, 85.0, 85.0, 85.0, 85.0, 85.0, 85.0, 85.0, 85.0, 85.0, 85.0, 85.0, 85.0, 85.0, 85.0]
1;172.24.3.208;Adsl13/0/32;[165.0, 165.0, 165.0, 165.0, 165.0, 165.0, 165.0, 165.0, 165.0, 165.0, 165.0, 165.0, 165.0, 165.0, 165.0, 165.0]
1;172.25.22.126;unit-12/port-17;[3.0, 3.0, 3.0, 3.0, 3.0, 3.0, 3.0, 3.0, 3.0, 3.0, 3.0, 3.0, 3.0, 3.0, 3.0, 3.0]
1;172.25.22.126;unit-3/port-27;[10.0, 10.0, 10.0, 10.0, 10.0, 10.0, 10.0, 10.0, 10.0, 10.0, 10.0, 10.0, 10.0, 10.0, 10.0, 10.0]
1;172.25.22.126;unit-5/port-42;[14.0, 14.0, 14.0, 14.0, 14.0, 14.0, 14.0, 14.0, 14.0, 14.0, 14.0, 14.0, 14.0, 14.0, 14.0, 14.0]
1;172.25.22.126;unit-12/port-23;[11.0, 11.0, 11.0, 11.0, 11.0, 11.0, 11.0, 11.0, 11.0, 11.0, 11.0, 11.0, 11.0, 11.0, 11.0, 11.0]
1;172.30.14.38;unit-7/port-69;[12.1, 12.1, 12.1, 12.1, 12.1, 12.1, 12.1, 12.1, 12.2, 12.4, 12.4, 12.4, 12.4, 12.4, 12.4, 12.1]
1;172.30.14.38;unit-7/port-96;[7.4, 7.4, 7.4, 7.4, 7.4, 7.4, 7.4, 7.4, 7.4, 7.4, 7.4, 7.6, 7.6, 7.6, 7.6, 7.6]
1;172.30.14.38;unit-7/port-34;[18.3, 18.3, 18.3, 18.3, 18.45, 18.6, 18.6, 18.6, 18.6, 18.6, 18.4, 18.4, 18.4, 18.4, 18.4, 18.6]
1;172.30.14.38;unit-7/port-86;[6.0, 6.1, 6.1, 6.1, 6.1, 6.1, 6.1, 6.1, 6.1, 6.1, 6.1, 6.1, 6.1, 6.1, 6.1, 6.1]
1;172.30.14.38;unit-9/port-86;[13.2, 13.2, 13.2, 13.2, 13.2, 13.2, 13.1, 13.4, 13.1, 13.3, 13.5, 13.5, 13.1, 13.3, 13.4, 13.4]
1;172.30.14.38;unit-9/port-68;[9.8, 9.8, 9.8, 9.8, 9.8, 9.8, 9.8, 9.8, 13.5, 13.5, 13.3, 13.2, 13.2, 13.2, 13.2, 13.2]
1;172.30.14.38;unit-9/port-59;[4.4, 4.4, 4.4, 4.4, 4.4, 4.4, 4.4, 4.4, 4.9, 4.9, 4.7, 4.7, 4.7, 4.7, 4.7, 4.7]
1;172.30.14.38;unit-7/port-21;[16.7, 16.7, 16.7, 16.7, 16.8, 16.9, 16.9, 16.9, 16.9, 16.9, 16.9, 16.9, 16.9, 16.9, 18.0, 16.6]
1;172.30.14.38;unit-9/port-43;[13.0, 13.0, 13.0, 13.0, 13.0, 13.0, 13.0, 13.0, 13.0, 13.0, 13.0, 12.9, 13.5, 13.5, 13.0, 13.0]
1;172.30.18.15;unit-9/port-32;[15.9, 15.9, 16.0, 16.0, 16.0, 16.0, 16.0, 16.0, 16.0, 16.4, 16.4, 16.4, 16.4, 16.4, 16.4, 16.6]
1;172.30.18.15;unit-9/port-49;[18.9, 18.9, 18.9, 18.9, 18.9, 18.9, 18.9, 18.9, 18.9, 18.9, 18.9, 18.9, 18.9, 19.0, 18.9, 19.0]
1;172.30.18.15;unit-9/port-55;[25.5, 25.5, 25.5, 25.5, 25.5, 25.5, 25.5, 25.5, 25.5, 25.5, 25.5, 25.5, 25.5, 25.5, 25.5, 25.5]
1;172.30.18.15;unit-7/port-75;[4.6, 3.5, 3.5, 3.5, 3.5, 3.5, 4.6, 4.8, 4.8, 4.8, 4.8, 4.8, 3.3, 3.3, 2.9, 2.9]
1;172.30.18.15;unit-5/port-26;[3.0, 3.0, 3.0, 3.0, 3.0, 3.0, 3.0, 3.0, 3.0, 3.0, 3.0, 3.0, 3.0, 3.0, 3.0, 3.0]
1;172.30.18.15;unit-9/port-13;[17.4, 17.4, 17.4, 17.4, 17.4, 17.4, 17.4, 17.4, 17.4, 17.4, 17.4, 18.1, 18.1, 18.1, 18.1, 18.1]
1;172.30.18.15;unit-9/port-63;[18.5, 18.5, 18.5, 18.5, 18.5, 18.5, 18.5, 18.5, 18.5, 18.5, 18.5, 18.5, 18.5, 18.5, 18.5, 18.5]
1;172.24.3.217;Adsl11/0/9;[300.0, 300.0, 300.0, 300.0, 300.0, 300.0, 300.0, 300.0, 300.0, 300.0, 300.0, 300.0, 300.0, 300.0, 300.0, 300.0]
1;172.24.3.217;Adsl10/0/41;[165.0, 175.0, 170.0, 170.0, 170.0, 170.0, 170.0, 170.0, 170.0, 170.0, 170.0, 170.0, 170.0, 170.0, 170.0, 170.0]
1;172.24.3.217;Adsl14/0/7;[305.0, 305.0, 305.0, 305.0, 305.0, 305.0, 305.0, 305.0, 305.0, 305.0, 305.0, 305.0, 305.0, 305.0, 305.0, 305.0]
1;172.24.3.217;Adsl12/0/26;[265.0, 265.0, 265.0, 265.0, 265.0, 265.0, 265.0, 265.0, 265.0, 265.0, 265.0, 265.0, 265.0, 292.5, 320.0, 320.0]
1;172.24.3.217;Adsl13/0/38;[210.0, 210.0, 210.0, 210.0, 210.0, 210.0, 210.0, 210.0, 210.0, 210.0, 210.0, 210.0, 210.0, 210.0, 210.0, 210.0]
1;172.24.3.217;Adsl9/0/35;[130.0, 130.0, 130.0, 130.0, 130.0, 130.0, 130.0, 130.0, 130.0, 130.0, 130.0, 130.0, 130.0, 130.0, 130.0, 130.0]
1;172.24.3.217;Adsl10/0/6;[330.0, 330.0, 325.0, 325.0, 325.0, 325.0, 325.0, 330.0, 330.0, 330.0, 330.0, 330.0, 330.0, 330.0, 330.0, 330.0]
1;172.24.3.217;Adsl14/0/23;[145.0, 145.0, 140.0, 140.0, 140.0, 140.0, 140.0, 140.0, 140.0, 140.0, 140.0, 140.0, 140.0, 140.0, 140.0, 145.0]
1;172.25.21.98;unit-7/port-36;[11.0, 11.0, 11.0, 11.0, 11.0, 11.0, 11.0, 11.0, 11.0, 11.0, 11.0, 11.0, 11.0, 11.0, 11.0, 11.0]
1;172.25.21.98;unit-5/port-35;[3.0, 3.0, 3.0, 3.0, 3.0, 3.0, 3.0, 3.0, 3.0, 3.0, 3.0, 3.0, 3.0, 3.0, 3.0, 3.0]
1;172.25.21.98;unit-3/port-8;[15.0, 15.0, 15.0, 15.0, 15.0, 15.0, 15.0, 14.0, 14.0, 14.0, 14.0, 14.0, 14.0, 14.0, 15.0, 15.0]
1;172.25.21.98;unit-1/port-62;[14.0, 14.0, 14.0, 14.0, 14.0, 14.0, 14.0, 14.0, 14.0, 14.0, 14.0, 14.0, 14.0, 15.0, 15.0, 15.0]
1;172.25.21.98;unit-5/port-21;[11.0, 11.0, 11.0, 11.0, 11.0, 11.0, 11.0, 12.0, 11.0, 12.0, 11.0, 11.0, 11.5, 12.0, 12.0, 12.0]
1;172.25.21.98;unit-1/port-39;[14.0, 14.0, 14.0, 14.0, 14.0, 14.0, 14.0, 14.0, 14.0, 14.0, 14.0, 14.0, 14.0, 14.0, 14.0, 14.0]
1;172.25.21.98;unit-1/port-8;[17.0, 17.0, 17.0, 17.0, 17.0, 17.0, 17.0, 17.0, 17.0, 17.0, 17.0, 17.0, 17.0, 17.0, 17.0, 17.0]
1;172.25.21.98;unit-9/port-32;[7.0, 7.0, 7.0, 7.0, 7.0, 7.0, 7.0, 7.0, 7.0, 7.0, 7.0, 7.0, 7.0, 7.0, 7.0, 7.0]
1;172.25.21.98;unit-9/port-25;[21.0, 21.0, 21.0, 21.0, 21.0, 21.0, 21.0, 21.0, 21.0, 21.0, 21.0, 21.0, 21.0, 21.0, 21.0, 21.0]
1;172.30.15.136;unit-7/port-74;[1.8, 1.8, 1.8, 1.8, 1.8, 1.8, 1.8, 1.8, 2.1, 2.1, 2.1, 2.1, 2.1, 2.1, 2.1, 2.1]
1;172.30.15.136;unit-7/port-57;[7.4, 7.4, 7.0, 7.0, 7.0, 7.0, 7.0, 7.0, 7.0, 7.0, 7.0, 7.0, 7.0, 7.0, 7.0, 7.0]
1;172.30.15.136;unit-9/port-6;[6.6, 6.6, 6.7, 6.5, 6.5, 6.5, 6.5, 6.5, 6.5, 6.5, 6.5, 6.5, 6.5, 6.6, 26.4, 6.0]
1;172.30.15.136;unit-9/port-51;[3.9, 3.9, 3.9, 3.9, 3.9, 3.9, 3.9, 3.9, 3.9, 3.9, 3.9, 3.9, 3.9, 3.9, 3.9, 3.9]
1;172.30.15.136;unit-7/port-26;[3.2, 3.2, 3.2, 3.2, 3.2, 3.2, 3.2, 3.2, 3.2, 3.2, 3.2, 3.0, 3.0, 3.0, 3.0, 3.0]
1;172.30.15.136;unit-9/port-45;[14.6, 14.6, 14.5, 14.5, 14.5, 14.3, 14.3, 14.7, 14.3, 14.3, 14.4, 14.6, 14.8, 14.4, 14.4, 14.7]
1;172.30.15.136;unit-9/port-86;[3.4, 3.4, 3.7, 3.7, 3.7, 3.7, 3.7, 3.7, 3.7, 3.7, 3.7, 3.7, 3.7, 3.7, 3.7, 3.7]
1;172.30.15.136;unit-7/port-45;[1.9, 1.9, 2.1, 2.1, 2.1, 2.1, 2.1, 2.1, 2.1, 2.0, 2.0, 2.1, 2.1, 2.1, 2.1, 2.1]
1;172.30.15.136;unit-7/port-96;[11.0, 11.0, 11.0, 11.0, 11.0, 11.0, 11.0, 11.0, 11.0, 11.0, 11.0, 11.0, 11.0, 11.0, 11.0, 11.0]
1;172.30.14.12;unit-7/port-54;[30.0, 30.0, 30.0, 30.0, 30.0, 30.0, 29.8, 29.8, 29.8, 30.1, 30.0, 30.0, 29.9, 29.8, 29.4, 29.5]
1;172.30.14.12;unit-7/port-26;[18.5, 18.5, 18.5, 18.5, 18.5, 18.5, 18.5, 18.5, 18.5, 18.5, 18.5, 18.5, 18.5, 18.5, 12.1, 5.7]
1;172.30.14.12;unit-7/port-79;[11.8, 11.8, 11.9, 11.9, 11.8, 11.8, 11.8, 11.8, 11.6, 11.7, 11.8, 11.8, 12.0, 12.1, 12.1, 12.1]
1;172.30.14.12;unit-9/port-35;[10.7, 10.7, 10.7, 10.7, 10.7, 10.7, 10.7, 10.7, 10.7, 10.7, 10.7, 10.7, 10.7, 10.7, 10.7, 10.7]
1;172.30.14.12;unit-9/port-61;[1.4, 1.4, 1.4, 1.4, 1.4, 1.4, 1.4, 1.4, 1.4, 1.4, 1.4, 1.4, 1.4, 1.4, 1.4, 1.4]
2;172.30.14.95;unit-7/port-88;[7.6, 7.6, 6.7, 6.7, 6.7, 6.7, 6.7, 6.7, 6.7, 6.7, 6.7, 6.7, 6.7, 6.7, 6.7, 6.7]
2;172.30.14.95;unit-7/port-25;[9.6, 9.3, 7.6, 7.6, 7.6, 7.6, 7.6, 7.6, 7.6, 7.6, 7.6, 7.3, 7.3, 7.3, 7.3, 7.3]
2;172.30.14.95;unit-7/port-93;[8.8, 6.0, 8.6, 6.1, 6.1, 6.1, 6.1, 6.1, 6.2, 6.2, 6.2, 6.2, 6.2, 6.2, 6.1, 6.1]
2;172.30.14.95;unit-9/port-10;[16.8, 16.6, 15.2, 15.2, 15.0, 15.0, 15.0, 15.0, 16.9, 16.9, 16.9, 16.9, 16.9, 16.9, 16.9, 16.9]
2;172.30.14.95;unit-7/port-71;[11.8, 11.6, 11.0, 10.5, 10.5, 10.5, 10.5, 10.5, 12.2, 12.2, 12.2, 12.2, 12.2, 12.2, 12.2, 12.2]
2;172.30.14.109;unit-9/port-35;[9.0, 9.0, 9.0, 9.0, 9.0, 9.0, 9.0, 9.0, 9.0, 9.0, 9.0, 9.0, 9.0, 9.0, 9.05, 9.1]
2;172.30.14.109;unit-7/port-23;[16.4, 16.4, 16.4, 16.4, 16.4, 16.4, 16.4, 16.15, 15.9, 15.9, 15.9, 15.9, 15.9, 15.8, 15.8, 15.8]
2;172.30.14.109;unit-9/port-38;[3.0, 3.0, 3.0, 3.0, 3.0, 3.0, 3.0, 3.0, 3.0, 3.0, 3.0, 3.0, 3.0, 3.0, 3.0, 3.0]
2;172.30.14.109;unit-9/port-44;[11.2, 11.1, 11.0, 11.2, 11.2, 11.2, 11.2, 11.2, 11.2, 11.2, 11.2, 11.2, 11.2, 11.2, 11.2, 11.2]
2;172.30.14.109;unit-7/port-74;[1.1, 1.1, 1.1, 1.1, 0.5, 0.5, 0.5, 0.5, 0.5, 0.5, 0.5, 0.5, 0.5, 0.5, 0.5, 0.5]
2;172.30.14.109;unit-9/port-12;[1.0, 1.0, 1.0, 1.0, 1.0, 1.05, 1.1, 1.1, 1.1, 1.1, 1.1, 1.1, 1.1, 1.1, 1.1, 1.1]
2;172.30.14.109;unit-7/port-7;[5.2, 5.2, 5.2, 5.2, 5.2, 5.2, 5.2, 5.2, 5.2, 5.2, 5.2, 5.2, 5.2, 5.2, 5.2, 5.2]
2;172.24.3.236;Adsl0/0/27;[70.0, 70.0, 70.0, 70.0, 75.0, 80.0, 80.0, 80.0, 80.0, 80.0, 80.0, 80.0, 80.0, 80.0, 80.0, 80.0]
2;172.24.3.236;Adsl9/0/30;[410.0, 410.0, 415.0, 415.0, 415.0, 415.0, 415.0, 415.0, 415.0, 415.0, 415.0, 415.0, 415.0, 415.0, 415.0, 415.0]
2;172.24.3.236;Adsl15/0/14;[370.0, 370.0, 370.0, 370.0, 370.0, 370.0, 370.0, 360.0, 380.0, 380.0, 380.0, 380.0, 380.0, 375.0, 370.0, 370.0]
2;172.24.3.236;Adsl3/0/19;[405.0, 405.0, 405.0, 405.0, 405.0, 405.0, 405.0, 405.0, 405.0, 405.0, 405.0, 405.0, 405.0, 405.0, 407.5, 410.0]
2;172.24.3.236;Adsl5/0/8;[180.0, 180.0, 180.0, 180.0, 185.0, 180.0, 185.0, 182.5, 180.0, 180.0, 182.5, 185.0, 185.0, 185.0, 180.0, 185.0]
2;172.24.3.236;Adsl9/0/27;[245.0, 245.0, 245.0, 245.0, 245.0, 245.0, 245.0, 245.0, 240.0, 245.0, 245.0, 245.0, 245.0, 245.0, 245.0, 245.0]
2;172.24.3.236;Adsl12/0/38;[290.0, 290.0, 290.0, 290.0, 290.0, 290.0, 290.0, 290.0, 290.0, 290.0, 290.0, 290.0, 290.0, 290.0, 290.0, 290.0]
2;172.24.3.236;Adsl13/0/11;[265.0, 265.0, 265.0, 270.0, 270.0, 270.0, 270.0, 265.0, 270.0, 270.0, 270.0, 270.0, 270.0, 265.0, 270.0, 275.0]
2;172.24.3.236;Adsl11/0/19;[395.0, 395.0, 400.0, 395.0, 395.0, 400.0, 405.0, 405.0, 405.0, 405.0, 405.0, 405.0, 405.0, 405.0, 405.0, 405.0]
2;172.24.3.236;Adsl15/0/26;[403.0, 403.0, 403.0, 403.0, 403.0, 400.0, 400.0, 400.0, 400.0, 400.0, 400.0, 400.0, 400.0, 400.0, 400.0, 400.0]
2;172.25.21.59;unit-17/port-16;[13.0, 13.0, 12.0, 12.0, 12.0, 12.0, 12.0, 12.0, 12.0, 12.0, 12.0, 12.0, 12.0, 12.0, 12.0, 12.0]
2;172.25.21.59;unit-7/port-2;[5.0, 5.0, 5.0, 5.0, 5.0, 5.0, 5.0, 5.0, 5.0, 5.0, 5.0, 5.0, 5.0, 5.0, 5.0, 5.0]
2;172.25.21.59;unit-9/port-18;[22.0, 22.0, 21.0, 21.0, 21.0, 21.0, 21.0, 21.0, 21.0, 22.0, 22.0, 22.0, 22.0, 22.0, 22.0, 22.0]
2;172.30.4.27;unit-9/port-57;[31.0, 31.0, 31.0, 31.0, 31.0, 31.0, 31.0, 31.0, 31.0, 31.0, 31.0, 31.0, 31.0, 31.0, 31.0, 31.0]
2;172.30.4.27;unit-15/port-15;[23.0, 24.0, 24.0, 24.0, 24.0, 23.5, 23.0, 23.0, 23.0, 23.0, 23.0, 23.0, 23.0, 23.0, 23.0, 23.0]
2;172.24.3.230;Adsl13/0/38;[70.0, 70.0, 70.0, 70.0, 70.0, 70.0, 70.0, 70.0, 70.0, 70.0, 70.0, 70.0, 70.0, 70.0, 70.0, 70.0]
2;172.24.3.230;Adsl10/0/2;[170.0, 185.0, 170.0, 170.0, 180.0, 180.0, 180.0, 170.0, 170.0, 185.0, 185.0, 185.0, 185.0, 170.0, 170.0, 170.0]
2;172.24.3.230;Adsl11/0/34;[120.0, 120.0, 120.0, 120.0, 120.0, 120.0, 120.0, 120.0, 120.0, 120.0, 120.0, 120.0, 120.0, 120.0, 120.0, 120.0]
2;172.24.3.230;Adsl13/0/1;[230.0, 230.0, 230.0, 230.0, 230.0, 230.0, 230.0, 230.0, 230.0, 230.0, 230.0, 230.0, 230.0, 230.0, 230.0, 230.0]
2;172.24.3.230;Adsl13/0/9;[120.0, 120.0, 120.0, 120.0, 120.0, 117.5, 115.0, 115.0, 115.0, 115.0, 115.0, 115.0, 115.0, 115.0, 115.0, 115.0]
2;172.24.3.230;Adsl15/0/29;[190.0, 190.0, 190.0, 190.0, 190.0, 190.0, 190.0, 190.0, 190.0, 190.0, 190.0, 190.0, 190.0, 190.0, 190.0, 190.0]
2;172.24.3.230;Adsl11/0/39;[210.0, 210.0, 210.0, 210.0, 210.0, 210.0, 210.0, 210.0, 210.0, 210.0, 210.0, 210.0, 210.0, 210.0, 210.0, 210.0]
2;172.24.3.230;Adsl13/0/10;[135.0, 135.0, 135.0, 135.0, 135.0, 135.0, 135.0, 135.0, 135.0, 135.0, 135.0, 135.0, 135.0, 135.0, 135.0, 135.0]
2;172.30.14.22;unit-7/port-86;[3.0, 3.0, 3.0, 3.0, 3.0, 3.0, 3.0, 3.0, 3.0, 3.0, 3.0, 3.0, 3.0, 3.0, 3.0, 3.0]
2;172.30.14.22;unit-7/port-40;[9.4, 9.4, 9.5, 9.6, 9.7, 9.8, 10.0, 9.7, 9.9, 9.9, 9.9, 10.0, 10.0, 10.0, 9.7, 9.7]
2;172.30.14.22;unit-9/port-21;[8.1, 7.2, 7.4, 7.4, 7.4, 7.4, 7.4, 7.4, 6.9, 7.2, 7.2, 7.2, 7.2, 8.7, 8.7, 7.7]
2;172.30.14.22;unit-9/port-85;[5.5, 3.8, 13.8, 12.4, 11.0, 11.0, 11.0, 11.0, 11.0, 11.0, 11.0, 11.0, 8.15, 5.3, 5.3, 5.3]
2;172.30.14.22;unit-9/port-28;[7.2, 6.1, 6.2, 6.2, 6.2, 7.4, 7.4, 7.4, 7.4, 7.4, 7.4, 7.4, 7.4, 7.4, 7.4, 7.4]
2;172.30.14.22;unit-12/port-8;[3.4, 3.4, 3.4, 3.4, 3.4, 3.4, 3.4, 3.4, 3.4, 3.4, 3.4, 3.4, 3.4, 3.4, 3.4, 3.4]
2;172.30.14.22;unit-12/port-6;[6.9, 6.7, 5.5, 5.5, 5.5, 6.8, 6.9, 8.0, 6.8, 6.7, 6.7, 6.7, 6.7, 6.9, 7.6, 6.9]
2;172.30.18.9;unit-12/port-10;[5.8, 5.8, 5.8, 5.8, 5.8, 5.8, 5.8, 5.8, 5.8, 5.8, 5.8, 5.8, 5.8, 5.8, 5.8, 5.8]
2;172.30.18.9;unit-9/port-44;[17.8, 17.8, 18.0, 18.0, 18.0, 18.0, 17.9, 17.9, 17.9, 17.9, 17.9, 17.9, 17.9, 17.9, 17.9, 17.9]
2;172.30.18.9;unit-7/port-56;[17.0, 17.0, 17.0, 17.0, 14.1, 11.2, 11.0, 11.0, 11.0, 11.0, 11.0, 11.0, 11.0, 11.2, 11.1, 11.1]
2;172.30.18.9;unit-9/port-55;[13.2, 13.2, 13.4, 13.4, 13.4, 13.4, 13.4, 13.4, 13.4, 13.4, 13.4, 13.4, 13.4, 13.4, 13.4, 13.4]
2;172.30.18.9;unit-12/port-36;[6.7, 6.5, 6.5, 6.5, 6.5, 6.5, 6.5, 6.5, 6.5, 6.5, 6.5, 6.5, 6.5, 6.5, 6.5, 6.6]
2;172.30.18.9;unit-7/port-28;[10.2, 10.2, 10.2, 10.3, 10.3, 10.3, 10.1, 10.1, 10.3, 10.3, 10.3, 10.3, 10.3, 10.3, 10.3, 10.3]
2;172.30.18.9;unit-7/port-34;[11.7, 11.7, 11.7, 11.7, 11.7, 11.7, 11.7, 11.7, 11.7, 11.7, 11.7, 11.7, 11.7, 11.7, 11.7, 11.7]
2;172.30.18.9;unit-12/port-56;[6.2, 6.2, 6.2, 6.2, 6.2, 6.2, 6.2, 6.2, 6.2, 6.2, 6.2, 6.2, 6.1, 6.1, 6.1, 6.1]
2;172.25.21.74;unit-3/port-41;[15.0, 15.0, 15.0, 15.0, 15.0, 15.0, 15.0, 15.0, 15.0, 15.0, 16.0, 17.0, 15.0, 15.0, 15.0, 15.0]
2;172.25.21.74;unit-1/port-23;[24.0, 24.0, 23.0, 23.0, 23.0, 23.0, 23.0, 23.0, 24.0, 24.0, 24.0, 24.0, 24.0, 23.0, 23.0, 23.0]
2;172.25.21.74;unit-1/port-29;[3.0, 3.0, 3.0, 3.0, 3.0, 3.0, 3.0, 3.0, 3.0, 3.0, 3.0, 3.0, 3.0, 3.0, 3.0, 3.0]
2;172.25.21.74;unit-1/port-13;[20.0, 20.0, 20.0, 20.0, 20.0, 20.0, 20.0, 19.0, 19.0, 19.0, 19.0, 19.0, 19.0, 19.0, 19.0, 19.0]
2;172.25.21.74;unit-1/port-24;[23.0, 23.0, 23.0, 23.0, 23.0, 23.0, 23.0, 23.0, 23.0, 23.0, 23.0, 23.0, 23.0, 23.0, 23.0, 23.0]
2;172.25.21.74;unit-1/port-36;[17.0, 17.0, 17.0, 17.0, 17.0, 17.0, 17.0, 17.0, 17.0, 17.0, 17.0, 17.0, 17.0, 17.0, 17.0, 17.0]
2;172.24.2.13;8/5;[295.0, 295.0, 295.0, 295.0, 295.0, 295.0, 295.0, 295.0, 295.0, 295.0, 295.0, 295.0, 295.0, 295.0, 295.0, 295.0]
2;172.24.2.13;8/59;[302.0, 302.0, 300.0, 302.0, 304.0, 304.0, 304.0, 304.0, 304.0, 304.0, 304.0, 300.0, 300.0, 300.0, 300.0, 300.0]
2;172.24.2.13;8/27;[363.0, 363.0, 344.0, 351.0, 358.0, 352.0, 352.0, 352.0, 352.0, 352.0, 352.0, 352.0, 352.0, 341.0, 343.0, 343.0]
2;172.24.2.13;14/13;[277.0, 277.0, 278.0, 278.0, 278.0, 278.0, 278.0, 277.0, 302.0, 278.0, 278.0, 278.0, 279.0, 278.0, 279.0, 279.0]
2;172.24.2.13;13/29;[315.0, 315.0, 310.0, 310.0, 310.0, 310.0, 310.0, 310.0, 310.0, 310.0, 310.0, 310.0, 310.0, 315.0, 310.0, 310.0]
2;172.24.2.13;5/2;[286.0, 286.0, 286.0, 286.0, 286.0, 286.0, 286.0, 286.0, 286.0, 286.0, 286.0, 286.0, 286.0, 286.0, 286.0, 286.0]
2;172.24.2.13;7/56;[165.0, 165.0, 165.0, 165.0, 165.0, 165.0, 165.0, 165.0, 165.0, 165.0, 165.0, 165.0, 165.0, 165.0, 165.0, 165.0]
2;172.24.2.13;8/44;[274.0, 274.0, 279.0, 278.5, 278.0, 274.0, 274.0, 276.0, 279.0, 274.0, 276.0, 278.0, 277.0, 275.0, 275.0, 275.0]
2;172.24.2.13;15/26;[270.0, 270.0, 270.0, 270.0, 270.0, 270.0, 270.0, 270.0, 270.0, 270.0, 270.0, 270.0, 270.0, 270.0, 270.0, 270.0]
3;172.30.15.144;unit-7/port-12;[5.8, 5.8, 5.8, 5.8, 5.8, 5.8, 5.9, 5.9, 5.9, 5.9, 5.9, 5.9, 5.9, 6.0, 6.1, 6.1]
3;172.30.15.144;unit-9/port-90;[15.3, 15.3, 15.3, 15.1, 15.1, 15.0, 15.0, 15.0, 15.1, 15.1, 15.1, 15.6, 15.4, 15.3, 15.4, 15.3]
3;172.30.15.144;unit-7/port-58;[18.0, 18.0, 17.7, 17.7, 18.1, 17.6, 17.6, 17.6, 18.1, 18.1, 18.1, 18.1, 18.0, 17.9, 17.9, 17.9]
3;172.30.15.144;unit-9/port-72;[19.2, 19.2, 19.2, 19.2, 19.2, 19.2, 19.2, 19.2, 19.2, 19.2, 19.2, 19.2, 19.2, 19.2, 18.9, 18.9]
3;172.30.15.144;unit-9/port-12;[12.9, 12.9, 12.9, 12.9, 12.9, 12.9, 12.9, 12.9, 12.9, 12.9, 12.9, 12.9, 12.9, 12.9, 12.9, 12.9]
3;172.30.15.144;unit-12/port-31;[16.8, 16.8, 16.8, 16.8, 17.1, 17.1, 17.1, 17.1, 17.1, 16.8, 16.8, 16.8, 16.8, 16.8, 16.8, 16.8]
3;172.30.15.144;unit-9/port-35;[10.3, 10.3, 10.3, 10.3, 10.3, 10.3, 10.3, 10.3, 10.3, 10.3, 10.3, 10.3, 10.3, 10.3, 10.3, 10.3]
3;172.30.15.144;unit-9/port-18;[7.3, 7.3, 7.3, 6.5, 8.1, 8.1, 8.1, 8.1, 8.1, 8.1, 8.1, 8.1, 8.1, 8.1, 6.5, 6.5]
3;172.30.15.144;unit-12/port-81;[4.3, 4.3, 4.3, 4.3, 4.3, 4.5, 4.5, 4.5, 4.5, 4.5, 4.5, 4.5, 4.4, 4.4, 4.4, 4.5]
3;172.30.14.42;unit-9/port-54;[3.0, 3.0, 3.0, 3.0, 3.0, 3.0, 3.0, 3.0, 3.0, 3.0, 3.0, 3.0, 3.0, 3.0, 3.0, 3.0]
3;172.30.14.42;unit-9/port-36;[7.5, 7.5, 7.0, 7.0, 7.0, 7.0, 7.0, 7.0, 7.0, 7.0, 7.0, 7.0, 7.0, 7.0, 7.0, 7.0]
3;172.30.14.42;unit-7/port-53;[15.8, 15.8, 15.8, 15.8, 15.8, 15.8, 15.8, 15.8, 15.8, 15.8, 15.8, 15.8, 15.8, 15.8, 15.8, 15.8]
3;172.30.14.42;unit-7/port-8;[14.9, 14.9, 15.0, 15.0, 15.0, 15.0, 15.0, 15.0, 15.2, 15.0, 15.0, 15.0, 15.0, 14.8, 15.0, 15.0]
3;172.30.14.42;unit-9/port-74;[7.9, 7.9, 7.9, 7.9, 7.9, 7.9, 7.9, 7.9, 7.9, 7.9, 7.9, 7.9, 7.9, 7.9, 7.9, 7.9]
3;172.30.14.42;unit-7/port-73;[12.2, 12.2, 12.3, 12.3, 12.3, 12.3, 12.3, 12.3, 12.3, 12.3, 12.3, 12.3, 12.3, 12.3, 12.3, 12.3]
3;172.30.14.42;unit-7/port-18;[10.1, 10.1, 10.1, 10.1, 10.1, 10.1, 10.1, 10.1, 10.1, 10.0, 10.0, 10.0, 10.1, 9.8, 9.8, 9.4]
3;172.30.14.42;unit-7/port-84;[6.4, 6.4, 6.4, 6.4, 6.4, 6.4, 6.4, 6.4, 6.6, 6.6, 6.6, 6.6, 6.6, 6.6, 6.6, 6.5]
3;172.30.4.91;unit-9/port-12;[17.0, 17.0, 17.0, 17.0, 17.0, 17.0, 17.0, 17.0, 17.0, 17.0, 17.0, 17.0, 17.0, 17.0, 17.0, 17.0]
3;172.30.4.91;unit-12/port-38;[9.0, 9.0, 9.0, 9.0, 9.0, 9.0, 9.0, 9.0, 9.0, 9.0, 9.0, 9.0, 9.0, 10.5, 12.0, 12.0]
3;172.30.4.91;unit-9/port-4;[13.0, 13.0, 13.0, 13.0, 13.0, 14.0, 14.0, 14.0, 14.0, 14.0, 14.0, 14.0, 14.0, 14.0, 14.0, 14.0]
3;172.30.4.91;unit-9/port-10;[10.0, 10.0, 10.0, 10.0, 10.0, 10.0, 10.0, 10.0, 10.0, 10.0, 10.0, 10.0, 10.0, 10.0, 10.0, 10.0]
3;172.30.4.91;unit-12/port-32;[15.0, 15.0, 15.0, 15.0, 15.0, 15.0, 15.0, 15.0, 15.0, 15.0, 15.0, 15.0, 15.0, 15.0, 15.0, 15.0]
3;172.30.4.91;unit-9/port-14;[43.0, 43.0, 43.0, 43.0, 43.0, 43.0, 43.0, 43.0, 43.0, 43.0, 43.0, 43.0, 43.0, 43.0, 43.0, 43.0]
3;172.30.4.91;unit-12/port-27;[11.0, 11.0, 11.0, 11.0, 11.0, 11.0, 11.0, 11.0, 11.0, 11.0, 11.0, 11.0, 11.0, 11.0, 11.0, 11.0]
3;172.30.4.91;unit-9/port-27;[21.0, 21.0, 20.0, 20.0, 20.0, 20.0, 20.0, 20.0, 20.0, 20.0, 21.0, 21.0, 21.0, 21.0, 21.0, 21.0]
3;172.30.15.168;unit-9/port-92;[3.0, 3.0, 3.0, 3.0, 3.0, 3.0, 3.0, 3.0, 3.0, 3.0, 3.0, 3.0, 3.0, 3.0, 3.0, 3.0]
3;172.30.15.168;unit-7/port-92;[12.0, 12.0, 9.6, 9.6, 10.4, 10.4, 10.4, 10.4, 10.4, 11.2, 11.2, 11.2, 9.6, 9.6, 9.6, 9.6]
3;172.30.15.168;unit-9/port-31;[5.1, 5.1, 5.1, 5.1, 5.5, 5.5, 5.5, 5.5, 5.4, 5.3, 5.3, 5.3, 5.3, 5.3, 5.4, 5.4]
3;172.30.15.168;unit-9/port-20;[3.0, 3.0, 3.0, 3.0, 3.0, 3.0, 3.0, 3.0, 3.0, 3.0, 3.0, 3.0, 3.0, 3.0, 3.0, 3.0]
3;172.30.15.168;unit-7/port-93;[15.1, 15.1, 14.9, 14.9, 14.9, 14.9, 14.9, 14.9, 14.9, 14.9, 14.9, 14.9, 14.9, 14.9, 14.9, 14.9]
3;172.30.15.168;unit-7/port-73;[12.0, 12.0, 12.0, 12.0, 12.0, 12.0, 12.0, 12.0, 12.1, 12.1, 12.1, 12.1, 12.0, 12.0, 12.0, 12.0]
3;172.30.15.168;unit-7/port-54;[5.7, 5.7, 3.3, 3.3, 3.3, 3.3, 3.3, 3.3, 3.3, 3.3, 3.3, 3.3, 4.6, 4.6, 4.6, 4.6]
3;172.30.15.168;unit-7/port-1;[14.7, 14.7, 14.3, 14.3, 14.3, 14.2, 14.2, 14.3, 14.2, 13.9, 14.1, 14.1, 13.9, 14.0, 14.2, 14.2]
3;172.30.15.168;unit-7/port-78;[3.0, 3.0, 3.0, 3.0, 3.0, 3.0, 3.0, 3.0, 3.0, 3.0, 3.0, 3.0, 3.0, 3.0, 3.0, 3.0]
3;172.30.15.168;unit-7/port-23;[1.7, 1.7, 1.7, 12.8, 1.9, 1.3, 1.3, 1.3, 1.2, 1.8, 1.6, 1.8, 13.0, 1.7, 1.7, 1.7]
3;172.24.3.21;Adsl10/0/36;[240.0, 240.0, 240.0, 240.0, 240.0, 240.0, 240.0, 240.0, 240.0, 240.0, 240.0, 240.0, 240.0, 240.0, 240.0, 240.0]
3;172.24.3.21;Adsl0/0/11;[243.0, 243.0, 243.0, 243.0, 243.0, 240.0, 240.0, 240.0, 240.0, 240.0, 240.0, 240.0, 240.0, 240.0, 240.0, 240.0]
3;172.24.3.21;Adsl5/0/16;[215.0, 215.0, 215.0, 215.0, 215.0, 215.0, 215.0, 215.0, 215.0, 215.0, 215.0, 215.0, 215.0, 215.0, 215.0, 215.0]
3;172.24.3.21;Adsl9/0/39;[245.0, 245.0, 245.0, 245.0, 245.0, 250.0, 250.0, 250.0, 250.0, 250.0, 250.0, 250.0, 250.0, 250.0, 250.0, 250.0]
3;172.24.3.21;Adsl2/0/43;[390.0, 390.0, 390.0, 390.0, 390.0, 390.0, 390.0, 390.0, 390.0, 390.0, 390.0, 390.0, 390.0, 390.0, 390.0, 390.0]
3;172.24.3.21;Adsl6/0/33;[324.0, 324.0, 325.0, 325.5, 326.0, 330.0, 330.0, 330.0, 330.0, 330.0, 330.0, 330.0, 330.0, 330.0, 330.0, 330.0]
3;172.24.3.21;Adsl3/0/1;[315.0, 315.0, 296.0, 296.0, 296.0, 300.0, 300.0, 300.0, 300.0, 300.0, 300.0, 300.0, 300.0, 300.0, 300.0, 300.0]
3;172.24.3.21;Adsl13/0/20;[215.0, 215.0, 215.0, 215.0, 215.0, 215.0, 215.0, 215.0, 215.0, 215.0, 215.0, 215.0, 215.0, 215.0, 215.0, 215.0]
3;172.30.18.21;unit-7/port-53;[5.6, 5.6, 5.4, 5.4, 5.4, 5.4, 5.4, 5.4, 5.5, 5.5, 5.5, 5.5, 5.5, 5.5, 5.5, 5.5]
3;172.30.18.21;unit-7/port-79;[15.3, 15.4, 18.4, 18.4, 18.4, 16.85, 15.3, 15.3, 16.6, 15.7, 15.7, 15.8, 15.7, 16.6, 15.8, 15.9]
3;172.30.18.21;unit-7/port-7;[6.6, 6.6, 6.6, 6.6, 6.8, 6.8, 6.8, 6.8, 6.8, 6.8, 6.8, 6.8, 6.8, 6.8, 6.8, 6.8]
3;172.30.18.21;unit-7/port-38;[12.7, 12.7, 12.7, 12.7, 12.7, 12.7, 12.7, 12.7, 12.7, 12.7, 12.7, 12.7, 12.7, 12.7, 12.7, 12.3]
3;172.30.18.21;unit-7/port-11;[10.5, 10.5, 10.5, 10.5, 10.3, 10.3, 10.3, 10.3, 10.3, 10.3, 10.3, 10.3, 10.5, 10.5, 10.5, 10.5]
3;172.25.21.75;unit-7/port-39;[27.0, 27.0, 27.0, 27.0, 27.0, 27.0, 27.0, 27.0, 27.0, 27.0, 27.0, 27.0, 27.0, 27.0, 27.0, 27.0]
3;172.25.21.75;unit-7/port-56;[29.0, 29.0, 29.0, 29.0, 29.0, 29.0, 29.0, 29.0, 29.0, 29.0, 29.0, 29.0, 29.0, 29.0, 29.0, 29.0]
3;172.25.21.75;unit-20/port-29;[12.0, 12.0, 12.0, 12.0, 12.0, 12.0, 12.0, 12.0, 12.0, 12.0, 12.0, 12.0, 12.0, 12.0, 12.0, 12.0]
3;172.25.21.75;unit-12/port-7;[18.0, 18.0, 18.0, 18.0, 18.0, 19.0, 18.0, 18.0, 18.0, 18.0, 18.0, 18.0, 18.0, 18.0, 18.0, 18.0]
3;172.25.21.75;unit-5/port-40;[20.0, 20.0, 20.0, 20.0, 20.0, 20.0, 20.0, 20.0, 20.0, 20.0, 20.0, 20.0, 20.0, 20.0, 20.0, 20.0]
3;172.25.21.75;unit-17/port-61;[23.0, 23.0, 23.0, 23.0, 23.0, 23.0, 23.0, 23.0, 23.0, 23.0, 23.0, 23.0, 24.0, 23.0, 27.0, 27.0]
3;172.25.21.75;unit-7/port-32;[27.0, 27.0, 27.0, 27.0, 27.0, 27.0, 27.0, 27.0, 27.0, 28.0, 28.0, 28.0, 28.0, 28.0, 28.0, 28.0]
3;172.25.21.75;unit-1/port-24;[34.0, 34.0, 34.0, 34.0, 34.0, 34.0, 30.0, 30.0, 30.0, 30.0, 30.0, 30.0, 30.0, 30.0, 30.0, 30.0]
3;172.25.93.14;unit-13/port-10;[14.4, 14.6, 14.7, 14.7, 14.3, 14.3, 14.3, 14.2, 14.6, 14.3, 14.3, 14.3, 14.3, 14.4, 14.5, 14.7]
3;172.25.93.14;unit-13/port-72;[14.2, 14.2, 14.2, 14.2, 14.1, 14.2, 14.3, 14.2, 14.2, 14.0, 14.3, 14.5, 14.3, 14.2, 14.3, 14.1]
3;172.25.93.14;unit-9/port-54;[5.0, 5.0, 5.0, 5.0, 5.0, 5.0, 5.0, 5.0, 5.0, 5.0, 5.0, 5.0, 5.0, 5.0, 5.0, 5.0]
3;172.25.93.14;unit-10/port-63;[5.0, 5.0, 5.0, 5.0, 5.0, 5.0, 5.0, 5.0, 5.0, 5.0, 5.0, 5.0, 5.0, 5.0, 5.0, 5.0]
3;172.25.93.14;unit-8/port-44;[1.0, 1.0, 1.0, 1.0, 1.0, 1.0, 1.0, 1.0, 1.0, 1.0, 1.0, 1.0, 1.0, 1.0, 1.0, 1.0]
3;172.25.93.14;unit-7/port-32;[10.0, 10.0, 10.0, 10.0, 10.0, 10.0, 10.0, 10.0, 10.0, 10.0, 10.0, 10.0, 10.0, 10.0, 10.0, 10.0]
3;172.25.93.14;unit-9/port-19;[10.0, 10.0, 10.0, 10.0, 10.0, 10.0, 10.0, 10.0, 10.0, 10.0, 10.0, 10.0, 11.0, 11.0, 11.0, 11.0]
3;172.25.93.14;unit-13/port-49;[7.2, 7.2, 7.2, 7.2, 7.2, 7.2, 7.2, 7.1, 7.1, 7.1, 7.1, 7.1, 7.1, 7.1, 7.1, 7.1]
3;172.25.21.230;unit-1/port-14;[12.0, 12.0, 12.0, 12.0, 12.0, 12.0, 12.0, 12.0, 12.0, 12.0, 12.0, 12.0, 12.0, 12.0, 12.0, 12.0]
3;172.25.21.230;unit-7/port-6;[10.0, 10.0, 10.0, 10.0, 10.0, 10.0, 10.0, 10.0, 10.0, 10.0, 10.0, 10.0, 10.0, 10.0, 10.0, 10.0]
3;172.30.14.53;unit-7/port-93;[16.1, 16.1, 16.1, 16.1, 16.1, 16.1, 16.1, 16.1, 16.1, 16.1, 16.1, 16.1, 16.1, 16.1, 16.1, 16.1]
3;172.30.14.53;unit-9/port-45;[5.9, 5.9, 5.9, 5.9, 5.9, 5.9, 5.9, 5.9, 6.0, 6.0, 6.2, 6.2, 5.9, 5.9, 6.1, 5.9]
3;172.30.14.53;unit-9/port-33;[1.6, 1.6, 1.6, 1.6, 1.6, 1.6, 1.6, 1.6, 1.6, 1.6, 1.6, 1.6, 1.6, 1.6, 1.6, 1.6]
3;172.30.14.53;unit-9/port-20;[7.3, 7.3, 8.1, 7.3, 7.3, 7.3, 8.1, 8.1, 7.3, 8.1, 8.1, 8.1, 7.3, 7.3, 7.3, 7.3]
3;172.30.14.53;unit-7/port-79;[18.4, 18.4, 18.4, 18.3, 18.4, 18.2, 18.4, 18.4, 18.4, 18.4, 18.4, 18.4, 18.4, 18.4, 18.4, 18.4]
3;172.30.14.53;unit-7/port-2;[1.9, 1.9, 1.9, 1.9, 1.9, 1.9, 1.9, 1.9, 1.9, 11.8, 11.8, 11.8, 2.0, 2.0, 2.0, 2.0]
3;172.30.14.53;unit-9/port-59;[2.9, 2.9, 2.9, 2.9, 2.9, 2.9, 2.9, 2.95, 3.0, 3.0, 3.0, 2.9, 2.9, 2.9, 2.9, 2.9]
3;172.30.14.53;unit-9/port-5;[11.3, 11.3, 11.3, 11.3, 11.3, 11.3, 11.3, 11.3, 11.3, 11.3, 11.3, 11.3, 11.3, 11.3, 11.3, 11.6]
4;172.24.3.235;Adsl1/0/31;[240.0, 235.0, 240.0, 240.0, 240.0, 240.0, 235.0, 235.0, 235.0, 235.0, 240.0, 240.0, 240.0, 235.0, 235.0, 235.0]
4;172.24.3.235;Adsl3/0/14;[310.0, 310.0, 310.0, 310.0, 310.0, 310.0, 310.0, 310.0, 310.0, 310.0, 310.0, 310.0, 310.0, 310.0, 310.0, 310.0]
4;172.24.3.235;Adsl11/0/42;[365.0, 370.0, 370.0, 370.0, 370.0, 370.0, 365.0, 365.0, 365.0, 365.0, 370.0, 365.0, 370.0, 365.0, 365.0, 365.0]
4;172.24.3.235;Adsl9/0/25;[358.0, 358.0, 358.0, 358.0, 358.0, 359.0, 360.0, 360.0, 360.0, 360.0, 360.0, 360.0, 360.0, 360.0, 360.0, 360.0]
4;172.24.3.235;Adsl14/0/25;[351.0, 351.0, 351.0, 351.0, 350.5, 350.0, 350.0, 350.0, 350.0, 350.0, 350.0, 350.0, 350.0, 350.0, 350.0, 350.0]
4;172.24.3.235;Adsl13/0/19;[275.0, 270.0, 270.0, 270.0, 270.0, 270.0, 270.0, 270.0, 272.5, 275.0, 275.0, 275.0, 275.0, 275.0, 275.0, 275.0]
4;172.24.3.235;Adsl13/0/15;[295.0, 295.0, 295.0, 295.0, 295.0, 295.0, 295.0, 295.0, 295.0, 295.0, 295.0, 295.0, 295.0, 295.0, 295.0, 295.0]
4;172.24.3.235;Adsl9/0/34;[227.0, 227.0, 227.0, 227.0, 228.5, 230.0, 230.0, 230.0, 230.0, 230.0, 230.0, 230.0, 230.0, 230.0, 230.0, 230.0]
4;172.24.3.235;Adsl2/0/32;[170.0, 165.0, 165.0, 165.0, 167.5, 170.0, 170.0, 170.0, 170.0, 170.0, 170.0, 170.0, 170.0, 170.0, 170.0, 170.0]
4;172.24.3.235;Adsl9/0/1;[375.0, 375.0, 375.0, 375.0, 357.5, 340.0, 340.0, 340.0, 340.0, 340.0, 340.0, 340.0, 340.0, 340.0, 340.0, 340.0]
4;172.24.3.100;Adsl9/0/31;[135.0, 135.0, 135.0, 135.0, 135.0, 135.0, 135.0, 135.0, 135.0, 135.0, 135.0, 135.0, 135.0, 135.0, 135.0, 135.0]
4;172.24.3.100;Adsl9/0/36;[160.0, 165.0, 165.0, 165.0, 165.0, 162.5, 160.0, 160.0, 165.0, 160.0, 160.0, 160.0, 160.0, 160.0, 160.0, 160.0]
4;172.24.3.100;Adsl10/0/20;[95.0, 95.0, 95.0, 95.0, 95.0, 95.0, 95.0, 95.0, 95.0, 95.0, 95.0, 95.0, 95.0, 95.0, 95.0, 95.0]
4;172.24.3.100;Adsl9/0/37;[90.0, 90.0, 90.0, 90.0, 90.0, 90.0, 90.0, 90.0, 90.0, 90.0, 90.0, 90.0, 85.0, 85.0, 85.0, 85.0]
4;172.24.3.100;Adsl9/0/18;[100.0, 100.0, 100.0, 100.0, 100.0, 100.0, 100.0, 100.0, 100.0, 100.0, 100.0, 100.0, 100.0, 100.0, 100.0, 100.0]
4;172.24.3.100;Adsl9/0/25;[60.0, 55.0, 50.0, 50.0, 50.0, 50.0, 50.0, 50.0, 50.0, 50.0, 55.0, 55.0, 55.0, 55.0, 55.0, 55.0]
4;172.24.3.100;Adsl9/0/29;[80.0, 80.0, 80.0, 80.0, 85.0, 85.0, 85.0, 80.0, 80.0, 80.0, 80.0, 80.0, 80.0, 80.0, 82.5, 85.0]
4;172.24.3.100;Adsl10/0/34;[140.0, 140.0, 140.0, 140.0, 140.0, 140.0, 140.0, 140.0, 140.0, 140.0, 140.0, 140.0, 140.0, 140.0, 140.0, 140.0]
4;172.24.2.49;5/33;[95.0, 95.0, 95.0, 95.0, 95.0, 95.0, 95.0, 95.0, 95.0, 95.0, 95.0, 95.0, 95.0, 95.0, 89.0, 89.0]
4;172.24.2.49;5/63;[326.0, 326.0, 326.0, 326.0, 326.0, 326.0, 366.0, 376.0, 376.0, 370.0, 371.0, 371.0, 149.0, 149.0, 374.0, 148.0]
4;172.24.2.49;4/62;[30.0, 30.0, 30.0, 30.0, 30.0, 30.0, 30.0, 30.0, 30.0, 30.0, 30.0, 30.0, 30.0, 30.0, 30.0, 30.0]
4;172.24.2.49;4/39;[182.0, 182.0, 182.0, 182.0, 182.0, 182.0, 182.0, 182.0, 182.0, 182.0, 182.0, 182.0, 182.0, 182.0, 182.0, 182.0]
4;172.24.2.49;4/32;[178.0, 178.0, 188.0, 188.0, 188.0, 188.0, 188.0, 188.0, 189.0, 185.0, 183.0, 183.0, 183.0, 183.0, 183.0, 183.0]
4;172.24.2.49;2/64;[190.0, 190.0, 190.0, 190.0, 190.0, 190.0, 190.0, 190.0, 190.0, 191.0, 191.0, 192.0, 192.0, 192.0, 191.0, 191.0]
4;172.24.2.49;4/43;[199.0, 199.0, 199.0, 199.0, 199.0, 199.0, 199.0, 199.0, 199.0, 199.0, 199.0, 199.0, 199.0, 199.0, 199.0, 199.0]
4;172.24.2.49;2/47;[207.0, 207.0, 207.0, 208.0, 209.0, 208.0, 209.0, 207.0, 206.0, 207.0, 208.0, 209.0, 209.0, 208.0, 207.0, 207.0]
4;172.30.4.137;unit-7/port-27;[15.0, 15.0, 15.0, 15.0, 15.0, 15.0, 15.0, 16.0, 15.0, 15.0, 15.0, 16.0, 15.0, 15.0, 16.0, 15.0]
4;172.30.4.137;unit-3/port-14;[15.0, 15.0, 15.0, 15.0, 15.0, 15.0, 15.0, 15.0, 15.0, 15.0, 15.0, 15.0, 15.0, 15.0, 15.0, 15.0]
4;172.30.4.137;unit-5/port-62;[19.0, 19.0, 19.0, 19.0, 19.0, 19.0, 19.0, 19.0, 19.0, 19.0, 19.0, 19.0, 19.0, 18.0, 18.0, 18.0]
4;172.30.4.137;unit-1/port-5;[22.0, 22.0, 22.0, 22.0, 22.0, 22.0, 22.0, 22.0, 22.0, 22.0, 22.0, 22.0, 22.0, 22.0, 22.0, 22.0]
4;172.30.4.137;unit-1/port-4;[8.0, 8.0, 8.0, 8.0, 8.0, 8.0, 8.0, 8.0, 8.0, 8.0, 8.0, 8.0, 8.0, 8.0, 8.0, 8.0]
4;172.30.14.114;unit-9/port-24;[9.0, 9.0, 8.8, 8.6, 8.6, 8.8, 9.0, 9.0, 9.0, 8.9, 9.0, 8.8, 9.0, 9.0, 9.0, 9.0]
4;172.30.14.114;unit-7/port-49;[7.5, 7.6, 7.6, 7.6, 7.5, 7.5, 7.5, 7.5, 7.5, 7.5, 7.5, 7.5, 7.5, 7.5, 7.5, 7.5]
4;172.30.14.114;unit-7/port-94;[15.3, 15.2, 15.3, 15.3, 15.4, 15.35, 15.3, 15.3, 15.3, 15.3, 15.3, 15.3, 15.3, 15.3, 15.3, 15.3]
4;172.30.14.114;unit-7/port-7;[1.6, 2.0, 2.0, 2.0, 2.0, 2.0, 2.0, 2.0, 2.0, 2.0, 2.0, 2.0, 2.0, 2.0, 2.0, 2.0]
4;172.24.2.97;4/12;[179.0, 179.0, 179.0, 178.0, 177.0, 177.0, 177.0, 177.0, 177.0, 177.0, 177.0, 177.0, 177.0, 178.0, 179.0, 179.0]
4;172.24.2.97;8/11;[194.0, 194.0, 184.0, 184.0, 184.0, 194.0, 189.0, 189.0, 189.0, 229.0, 190.0, 294.0, 189.0, 191.5, 194.0, 194.0]
4;172.24.2.97;3/5;[135.0, 135.0, 136.0, 167.0, 198.0, 198.0, 199.0, 199.0, 198.0, 40.0, 136.0, 136.0, 134.0, 134.0, 134.0, 136.0]
4;172.24.2.97;8/2;[295.0, 295.0, 295.0, 295.0, 295.0, 295.0, 295.0, 295.0, 288.0, 295.0, 295.0, 295.0, 295.0, 295.0, 295.0, 295.0]
4;172.24.2.97;2/12;[340.0, 340.0, 340.0, 340.0, 340.0, 340.0, 340.0, 340.0, 340.0, 340.0, 340.0, 340.0, 340.0, 340.0, 340.0, 340.0]
4;172.24.2.97;4/5;[353.0, 353.0, 356.0, 357.0, 358.0, 378.0, 354.0, 354.0, 350.0, 40.0, 354.0, 352.0, 353.0, 354.0, 355.0, 379.0]
4;172.24.2.97;4/63;[312.0, 312.0, 312.0, 274.0, 236.0, 243.0, 312.0, 243.0, 236.0, 236.0, 236.0, 243.0, 243.0, 239.5, 236.0, 240.0]
4;172.24.2.97;12/41;[275.0, 275.0, 275.0, 275.0, 275.0, 275.0, 275.0, 275.0, 275.0, 275.0, 275.0, 275.0, 275.0, 275.0, 275.0, 275.0]
4;172.24.2.97;12/21;[353.0, 353.0, 353.0, 353.0, 353.0, 360.0, 353.0, 353.0, 353.0, 353.0, 353.0, 353.0, 353.0, 353.0, 353.0, 353.0]
4;172.24.2.97;5/25;[218.0, 218.0, 218.0, 218.0, 218.0, 218.0, 218.0, 218.0, 218.0, 218.0, 218.0, 218.0, 218.0, 218.0, 218.0, 218.0]
4;172.24.3.251;Adsl3/0/37;[265.0, 265.0, 265.0, 265.0, 265.0, 265.0, 265.0, 265.0, 265.0, 265.0, 265.0, 265.0, 265.0, 270.0, 270.0, 265.0]
4;172.24.3.251;Adsl15/0/11;[160.0, 160.0, 160.0, 160.0, 160.0, 160.0, 160.0, 160.0, 160.0, 160.0, 160.0, 160.0, 160.0, 160.0, 160.0, 160.0]
4;172.24.3.251;Adsl10/0/25;[510.0, 510.0, 510.0, 510.0, 510.0, 510.0, 510.0, 510.0, 510.0, 510.0, 495.0, 510.0, 510.0, 510.0, 510.0, 510.0]
4;172.24.3.251;Adsl5/0/11;[295.0, 290.0, 290.0, 290.0, 290.0, 290.0, 290.0, 290.0, 295.0, 295.0, 295.0, 295.0, 295.0, 295.0, 295.0, 295.0]
4;172.24.3.251;Adsl5/0/40;[275.0, 275.0, 270.0, 270.0, 270.0, 270.0, 270.0, 270.0, 270.0, 275.0, 275.0, 275.0, 275.0, 275.0, 275.0, 275.0]
4;172.24.3.251;Adsl4/0/18;[135.0, 135.0, 130.0, 130.0, 135.0, 135.0, 135.0, 135.0, 135.0, 135.0, 135.0, 135.0, 135.0, 135.0, 135.0, 135.0]
4;172.24.3.251;Adsl5/0/5;[120.0, 120.0, 120.0, 120.0, 120.0, 120.0, 120.0, 120.0, 120.0, 120.0, 120.0, 120.0, 120.0, 120.0, 120.0, 120.0]
4;172.24.3.251;Adsl3/0/39;[420.0, 420.0, 420.0, 420.0, 420.0, 420.0, 420.0, 420.0, 420.0, 420.0, 420.0, 420.0, 420.0, 415.0, 420.0, 420.0]
4;172.24.3.251;Adsl0/0/20;[290.0, 290.0, 290.0, 290.0, 290.0, 290.0, 290.0, 290.0, 290.0, 290.0, 290.0, 290.0, 290.0, 290.0, 290.0, 290.0]
4;172.30.15.139;unit-12/port-86;[8.2, 8.2, 8.2, 8.2, 8.2, 8.2, 8.2, 8.2, 8.2, 8.2, 8.2, 8.2, 8.2, 8.2, 7.9, 7.2]
4;172.30.15.139;unit-7/port-45;[10.4, 10.4, 10.4, 10.4, 10.4, 10.4, 10.4, 10.4, 10.4, 10.4, 10.4, 10.1, 10.5, 10.5, 10.5, 10.5]
4;172.30.15.139;unit-12/port-21;[10.5, 10.5, 10.5, 10.5, 10.5, 10.5, 10.5, 10.5, 10.5, 10.5, 10.5, 10.5, 10.5, 10.6, 10.5, 10.5]
4;172.30.15.139;unit-9/port-23;[8.2, 8.2, 8.4, 8.2, 8.6, 8.4, 8.4, 8.3, 8.4, 8.3, 8.5, 8.6, 8.7, 8.7, 8.7, 8.7]
4;172.30.15.139;unit-7/port-85;[11.9, 11.9, 11.9, 11.6, 11.6, 11.6, 11.6, 11.6, 11.6, 11.6, 11.6, 11.6, 11.6, 11.6, 11.6, 11.6]
4;172.30.15.139;unit-12/port-11;[8.0, 8.0, 8.05, 8.1, 8.0, 8.0, 8.0, 8.0, 8.0, 8.0, 8.2, 8.4, 8.3, 8.2, 8.4, 8.4]
4;172.30.15.139;unit-12/port-53;[6.5, 6.5, 6.5, 6.5, 6.5, 6.5, 6.5, 6.5, 6.5, 6.5, 6.5, 6.5, 6.5, 6.5, 6.5, 6.5]
4;172.30.15.139;unit-9/port-24;[10.2, 10.2, 10.2, 10.2, 10.2, 10.2, 10.1, 10.1, 10.1, 10.1, 10.1, 10.1, 10.1, 10.1, 10.1, 10.1]
4;172.30.15.139;unit-7/port-5;[14.9, 14.9, 14.6, 14.2, 14.3, 14.7, 14.7, 18.9, 18.9, 18.9, 18.9, 18.9, 18.9, 18.9, 14.3, 15.9]
4;172.30.15.139;unit-9/port-48;[4.0, 4.0, 4.0, 4.0, 7.1, 7.1, 7.1, 7.1, 7.1, 4.9, 4.9, 4.9, 4.9, 4.9, 4.9, 5.1]
4;172.30.15.169;unit-7/port-30;[6.8, 6.8, 6.8, 6.8, 6.9, 6.9, 6.9, 6.9, 6.9, 6.9, 6.9, 6.9, 6.9, 6.9, 6.9, 6.9]
4;172.30.15.169;unit-7/port-14;[10.0, 9.9, 9.9, 9.9, 9.9, 9.9, 9.9, 9.9, 9.9, 9.9, 9.9, 9.9, 9.9, 9.9, 9.9, 9.9]
4;172.30.15.169;unit-7/port-22;[14.3, 14.2, 14.2, 14.2, 14.2, 14.25, 14.3, 14.3, 14.3, 14.3, 14.3, 14.3, 14.3, 14.1, 14.1, 14.1]
4;172.30.15.169;unit-7/port-5;[11.1, 11.0, 11.0, 11.0, 11.0, 11.0, 11.0, 11.0, 11.0, 11.0, 11.0, 11.0, 11.0, 11.0, 11.0, 11.0]
4;172.30.15.169;unit-7/port-33;[8.3, 8.3, 8.3, 8.3, 8.3, 8.3, 8.3, 8.3, 8.3, 8.3, 8.3, 8.3, 8.4, 8.3, 8.3, 8.3]
4;172.30.15.169;unit-7/port-77;[14.3, 14.2, 14.2, 14.4, 14.4, 14.4, 14.4, 14.4, 14.4, 14.4, 14.4, 14.4, 14.4, 14.2, 14.2, 14.2]
4;172.25.93.30;unit-9/port-20;[4.0, 4.0, 4.0, 4.0, 4.0, 4.0, 4.0, 4.0, 4.0, 4.0, 4.0, 4.0, 4.0, 4.0, 4.0, 4.0]
4;172.25.93.30;unit-7/port-55;[8.0, 8.0, 8.0, 8.0, 8.0, 8.0, 8.0, 8.0, 8.0, 8.0, 8.0, 8.0, 8.0, 8.0, 8.0, 8.0]
4;172.25.93.30;unit-8/port-58;[9.0, 9.0, 9.0, 9.0, 9.0, 9.0, 8.0, 8.0, 9.0, 8.0, 8.0, 8.0, 8.0, 8.0, 8.0, 8.0]
4;172.25.93.30;unit-8/port-47;[9.0, 9.0, 9.0, 9.0, 9.0, 9.0, 9.0, 9.0, 9.0, 9.0, 9.0, 9.0, 9.0, 9.0, 9.0, 9.0]
4;172.25.93.30;unit-8/port-63;[13.0, 13.0, 13.0, 13.0, 13.0, 13.0, 13.0, 13.0, 13.0, 13.0, 13.0, 13.0, 13.0, 13.0, 13.0, 13.0]
4;172.25.93.30;unit-8/port-21;[6.0, 6.0, 6.0, 6.0, 6.0, 6.0, 6.0, 6.0, 6.0, 6.0, 6.0, 6.0, 6.0, 6.0, 6.0, 6.0]
4;172.25.93.30;unit-9/port-12;[6.0, 6.0, 6.0, 6.0, 6.0, 6.0, 6.0, 6.0, 6.0, 6.0, 6.0, 6.0, 6.0, 6.0, 6.0, 6.0]
4;172.25.93.30;unit-10/port-15;[13.0, 13.0, 13.0, 12.0, 12.0, 12.0, 12.0, 11.0, 13.0, 13.0, 11.0, 11.0, 11.0, 11.0, 12.0, 12.0]
5;172.25.21.163;adsl0/19/2;[243.0, 243.0, 241.0, 241.0, 241.0, 241.0, 241.0, 241.0, 241.0, 240.0, 240.0, 240.0, 240.0, 240.0, 240.0, 240.0]
5;172.25.21.163;adsl0/21/12;[313.0, 313.0, 313.0, 313.0, 313.0, 313.0, 313.0, 313.0, 313.0, 313.0, 313.0, 313.0, 313.0, 313.0, 313.0, 313.0]
5;172.25.21.163;adsl0/24/15;[226.0, 226.0, 226.0, 226.0, 226.0, 226.0, 226.0, 226.0, 233.0, 233.0, 233.0, 226.0, 226.0, 226.0, 226.0, 226.0]
5;172.25.21.163;adsl0/19/12;[130.0, 130.0, 130.0, 130.0, 130.0, 130.0, 130.0, 130.0, 130.0, 130.0, 130.0, 130.0, 130.0, 130.0, 130.0, 130.0]
5;172.25.21.163;adsl0/26/6;[208.0, 208.0, 206.0, 206.0, 210.0, 210.0, 210.0, 210.0, 210.0, 210.0, 210.0, 210.0, 210.0, 210.0, 210.0, 210.0]
5;172.25.21.163;adsl0/22/13;[178.0, 178.0, 176.0, 176.0, 176.0, 176.0, 176.0, 175.0, 175.0, 175.0, 175.0, 175.0, 175.0, 175.0, 175.0, 175.0]
5;172.25.21.163;adsl0/26/9;[106.0, 106.0, 106.0, 108.0, 108.0, 108.0, 108.0, 108.0, 108.0, 108.0, 108.0, 108.0, 108.0, 108.0, 108.0, 108.0]
5;172.25.21.163;adsl0/14/28;[300.0, 303.0, 301.0, 298.0, 303.0, 303.0, 303.0, 303.0, 303.0, 303.0, 303.0, 303.0, 303.0, 303.0, 302.0, 301.0]
5;172.25.21.163;adsl0/21/0;[176.0, 176.0, 176.0, 176.0, 176.0, 176.0, 176.0, 176.0, 176.0, 176.0, 176.0, 176.0, 176.0, 176.0, 176.0, 176.0]
5;172.30.18.10;unit-9/port-48;[15.5, 15.5, 15.5, 15.5, 15.5, 15.5, 15.5, 15.5, 15.5, 15.5, 15.5, 15.5, 15.5, 15.5, 15.5, 15.5]
5;172.30.18.10;unit-7/port-45;[25.7, 25.7, 25.7, 11.5, 11.3, 13.25, 15.2, 13.1, 11.3, 18.8, 9.3, 9.3, 9.3, 9.4, 9.4, 9.4]
5;172.30.18.10;unit-7/port-75;[12.9, 12.9, 12.9, 12.9, 12.9, 12.9, 12.9, 12.9, 12.9, 12.9, 12.9, 13.0, 13.0, 13.0, 13.0, 13.0]
5;172.30.18.10;unit-9/port-50;[12.8, 12.8, 12.8, 12.8, 12.8, 12.8, 12.8, 12.8, 12.8, 12.8, 12.8, 12.0, 12.0, 12.0, 12.0, 12.0]
5;172.30.18.10;unit-9/port-27;[9.9, 9.9, 9.9, 9.9, 9.9, 9.9, 9.9, 9.9, 9.9, 9.9, 9.9, 9.9, 10.0, 10.0, 10.0, 10.0]
5;172.30.18.10;unit-9/port-23;[11.7, 11.7, 11.7, 11.8, 11.8, 11.8, 11.8, 11.8, 11.8, 11.8, 11.8, 11.8, 11.8, 11.8, 11.8, 11.8]
5;172.30.18.10;unit-7/port-88;[7.3, 7.3, 7.2, 7.2, 7.2, 7.2, 7.2, 7.2, 7.2, 7.2, 7.2, 7.2, 7.2, 7.2, 7.2, 7.2]
5;172.30.18.10;unit-7/port-91;[6.5, 6.5, 6.5, 6.5, 6.5, 6.5, 6.5, 6.6, 6.5, 6.5, 6.5, 6.5, 6.6, 6.6, 6.6, 6.6]
5;172.30.14.88;unit-9/port-39;[17.7, 17.7, 17.7, 17.7, 17.7, 17.7, 17.7, 17.7, 17.8, 17.7, 17.7, 18.65, 19.6, 18.4, 17.7, 18.2]
5;172.30.14.88;unit-12/port-24;[6.4, 6.4, 6.4, 6.4, 6.4, 6.4, 6.4, 6.4, 6.4, 6.4, 6.4, 6.4, 6.4, 6.4, 6.4, 6.4]
5;172.30.14.88;unit-9/port-58;[1.2, 1.2, 1.6, 1.6, 1.6, 1.6, 1.6, 1.6, 1.6, 1.6, 1.6, 1.6, 1.6, 1.6, 1.6, 1.6]
5;172.30.14.88;unit-7/port-9;[3.0, 3.0, 3.0, 3.0, 3.0, 3.0, 3.0, 3.0, 3.0, 3.0, 3.0, 3.0, 3.0, 3.7, 3.7, 3.7]
5;172.30.14.88;unit-7/port-61;[7.3, 7.3, 7.3, 7.3, 7.3, 7.3, 7.3, 7.3, 7.3, 7.3, 7.3, 7.3, 7.3, 7.3, 7.3, 7.3]
5;172.30.14.88;unit-7/port-73;[10.5, 10.5, 10.5, 10.5, 10.5, 10.5, 10.5, 10.5, 10.5, 10.5, 10.5, 10.5, 10.5, 10.0, 10.0, 10.0]
5;172.30.14.88;unit-12/port-7;[18.6, 18.6, 19.5, 19.5, 19.5, 19.5, 19.5, 19.5, 19.5, 20.0, 20.0, 19.6, 20.0, 3.0, 3.0, 3.0]
5;172.30.14.88;unit-9/port-32;[8.4, 8.4, 8.4, 8.4, 8.4, 8.4, 8.4, 8.4, 8.4, 8.4, 8.4, 8.4, 8.4, 8.4, 8.4, 8.4]
5;172.24.2.255;12/19;[305.0, 305.0, 305.0, 305.0, 305.0, 305.0, 305.0, 305.0, 305.0, 305.0, 305.0, 305.0, 305.0, 305.0, 305.0, 305.0]
5;172.24.2.255;6/3;[400.0, 400.0, 390.0, 390.0, 390.0, 390.0, 390.0, 390.0, 390.0, 390.0, 390.0, 400.0, 400.0, 400.0, 400.0, 400.0]
5;172.30.15.159;unit-9/port-9;[12.1, 12.1, 12.1, 12.1, 12.1, 12.1, 12.1, 12.1, 12.1, 12.1, 12.0, 11.9, 11.9, 11.9, 11.9, 11.9]
5;172.30.15.159;unit-9/port-14;[9.0, 9.0, 9.0, 9.0, 9.0, 9.0, 9.0, 9.0, 9.0, 9.0, 9.0, 9.0, 9.0, 9.0, 6.9, 6.9]
5;172.30.15.159;unit-7/port-26;[6.4, 6.4, 6.4, 6.4, 6.4, 6.4, 6.4, 6.4, 6.4, 6.4, 6.4, 6.4, 6.4, 6.4, 6.4, 6.4]
5;172.30.15.159;unit-7/port-34;[7.3, 7.3, 7.3, 7.3, 7.3, 7.3, 7.3, 7.3, 7.3, 7.3, 7.3, 7.3, 7.3, 7.3, 7.3, 7.3]
5;172.30.15.159;unit-12/port-54;[3.3, 3.2, 3.2, 3.2, 3.2, 3.2, 3.2, 3.2, 3.2, 3.4, 3.2, 3.5, 3.4, 3.4, 3.5, 3.3]
5;172.30.15.159;unit-12/port-96;[7.0, 7.0, 7.0, 7.0, 7.0, 7.0, 7.0, 7.0, 7.0, 7.0, 7.0, 7.0, 7.0, 7.0, 7.0, 7.0]
5;172.30.15.159;unit-7/port-2;[2.8, 2.8, 2.8, 2.85, 2.9, 2.9, 2.9, 2.9, 2.9, 2.9, 2.9, 2.9, 2.85, 2.8, 3.0, 3.0]
5;172.30.18.37;unit-7/port-9;[0.3, 0.3, 0.3, 0.3, 0.3, 0.3, 0.3, 0.3, 0.3, 0.4, 0.4, 0.4, 0.4, 0.4, 0.4, 0.4]
5;172.30.18.37;unit-9/port-41;[3.0, 3.0, 3.0, 3.0, 3.0, 3.0, 3.0, 3.0, 3.0, 3.0, 3.0, 3.0, 3.0, 3.0, 3.0, 3.0]
5;172.30.18.37;unit-9/port-11;[6.8, 6.8, 6.8, 6.9, 6.9, 6.9, 6.9, 6.9, 6.9, 6.8, 6.8, 6.8, 6.8, 6.8, 34.3, 6.9]
5;172.30.18.37;unit-7/port-40;[11.7, 11.7, 11.7, 11.6, 11.6, 11.6, 11.6, 11.6, 11.6, 11.6, 11.7, 12.0, 12.0, 12.0, 12.0, 12.0]
5;172.30.18.37;unit-9/port-68;[4.8, 4.8, 4.8, 4.6, 4.6, 4.6, 4.6, 4.8, 4.6, 4.7, 3.5, 6.0, 6.0, 6.0, 6.0, 6.0]
5;172.30.18.37;unit-9/port-63;[2.8, 2.8, 2.8, 2.8, 2.8, 2.8, 2.8, 2.8, 2.8, 2.8, 2.8, 2.8, 2.8, 2.8, 2.8, 2.8]
5;172.30.18.37;unit-9/port-3;[9.7, 9.7, 9.7, 9.7, 9.7, 9.7, 9.7, 9.7, 9.7, 9.7, 9.7, 9.4, 9.4, 9.4, 9.4, 9.4]
5;172.30.18.37;unit-7/port-32;[18.3, 18.3, 18.3, 18.3, 18.3, 18.3, 18.3, 18.3, 18.3, 18.3, 18.3, 18.3, 18.3, 18.3, 18.6, 18.6]
5;172.30.14.21;unit-12/port-11;[8.1, 8.1, 8.1, 8.1, 8.1, 8.1, 8.1, 8.1, 8.1, 8.1, 8.1, 8.1, 8.1, 8.1, 8.1, 8.1]
5;172.30.14.21;unit-7/port-53;[9.4, 9.4, 9.4, 9.4, 9.4, 9.4, 9.6, 9.7, 9.7, 9.7, 9.7, 9.7, 9.7, 9.7, 9.7, 9.7]
5;172.30.14.21;unit-12/port-10;[9.6, 9.6, 9.6, 9.6, 9.6, 9.6, 9.6, 9.6, 9.6, 9.6, 9.6, 9.6, 9.6, 9.6, 9.6, 9.6]
5;172.30.14.21;unit-7/port-90;[14.5, 14.5, 14.0, 14.0, 14.0, 14.0, 14.25, 14.5, 15.0, 15.0, 15.0, 15.0, 15.0, 15.0, 15.0, 14.5]
5;172.30.15.2;unit-12/port-70;[9.9, 9.9, 8.0, 8.15, 8.3, 8.3, 8.3, 8.3, 8.3, 8.3, 8.3, 8.8, 8.5, 8.5, 8.4, 8.5]
5;172.30.15.2;unit-12/port-28;[7.2, 7.2, 5.2, 5.2, 5.2, 5.2, 5.2, 5.2, 5.2, 5.4, 5.4, 5.4, 5.4, 5.4, 5.4, 5.4]
5;172.30.15.2;unit-7/port-20;[8.7, 8.7, 8.6, 8.6, 8.6, 8.6, 8.6, 8.65, 8.7, 8.6, 8.6, 8.6, 8.6, 8.6, 8.6, 8.6]
5;172.30.15.2;unit-9/port-18;[12.1, 12.1, 12.2, 12.2, 12.2, 12.2, 12.2, 12.2, 12.2, 12.2, 12.2, 12.2, 12.2, 12.2, 12.2, 12.2]
5;172.30.15.2;unit-12/port-8;[21.2, 21.2, 20.7, 20.7, 20.7, 20.7, 20.7, 20.7, 20.7, 20.7, 20.7, 20.7, 20.7, 20.7, 20.7, 20.7]
5;172.30.15.2;unit-9/port-83;[8.6, 8.6, 8.4, 8.5, 8.6, 8.6, 8.6, 8.6, 8.6, 8.6, 8.7, 8.7, 8.7, 8.7, 8.7, 8.7]
5;172.30.15.2;unit-9/port-82;[6.8, 6.7, 6.7, 6.75, 6.8, 6.8, 6.9, 6.8, 6.8, 6.9, 6.9, 6.1, 6.9, 6.9, 6.9, 6.9]
5;172.30.15.2;unit-9/port-42;[9.0, 9.0, 8.6, 8.6, 8.6, 8.6, 8.6, 8.6, 8.6, 8.6, 8.6, 8.6, 8.6, 8.6, 8.6, 8.6]
5;172.25.21.124;adsl0/9/30;[216.0, 216.0, 216.0, 216.0, 216.0, 216.0, 216.0, 216.0, 216.0, 216.0, 216.0, 216.0, 217.0, 218.0, 218.0, 218.0]
5;172.25.21.124;adsl0/9/6;[128.0, 128.0, 130.0, 130.0, 130.0, 129.0, 128.0, 128.0, 128.0, 128.0, 128.0, 128.0, 128.0, 128.0, 128.0, 128.0]
5;172.25.21.124;adsl0/14/6;[255.0, 255.0, 255.0, 250.0, 255.0, 255.0, 255.0, 260.0, 260.0, 245.0, 247.5, 250.0, 250.0, 250.0, 250.0, 250.0]
5;172.25.21.124;adsl0/6/14;[243.0, 250.0, 250.5, 251.0, 238.0, 239.5, 241.0, 240.5, 240.0, 240.0, 240.0, 240.0, 240.0, 240.0, 240.0, 240.0]
5;172.25.21.124;adsl0/12/26;[118.0, 116.0, 116.0, 116.0, 116.0, 116.0, 116.0, 116.0, 116.0, 116.0, 116.0, 116.0, 116.0, 118.0, 118.0, 118.0]
5;172.25.21.124;adsl0/10/21;[38.0, 38.0, 38.0, 38.0, 38.0, 39.5, 41.0, 41.0, 41.0, 41.0, 41.0, 41.0, 41.0, 41.0, 41.0, 41.0]
5;172.25.21.124;adsl0/8/10;[93.0, 93.0, 93.0, 96.0, 96.0, 95.5, 95.0, 93.0, 93.0, 93.0, 93.0, 93.0, 93.0, 103.0, 103.0, 103.0]
5;172.25.21.124;adsl0/12/4;[220.0, 220.0, 220.0, 220.0, 220.0, 220.0, 220.0, 220.0, 220.0, 220.0, 220.0, 220.0, 220.0, 220.0, 220.0, 220.0]
5;172.30.15.134;unit-7/port-8;[2.9, 2.9, 2.9, 2.9, 2.9, 2.9, 2.9, 2.9, 2.9, 2.9, 3.0, 2.8, 2.8, 2.8, 2.8, 2.8]
5;172.30.15.134;unit-7/port-49;[7.8, 7.8, 7.8, 7.7, 7.7, 7.7, 7.7, 7.9, 7.9, 7.9, 8.0, 8.1, 8.1, 7.8, 7.8, 7.8]
5;172.30.15.134;unit-7/port-67;[7.2, 7.2, 7.2, 7.2, 7.2, 7.2, 7.5, 7.1, 7.1, 7.1, 7.1, 7.1, 7.1, 7.1, 7.1, 7.1]
5;172.30.15.134;unit-7/port-38;[13.1, 13.1, 13.1, 13.1, 13.1, 13.1, 13.1, 13.1, 13.1, 13.1, 13.1, 13.1, 13.1, 13.1, 13.1, 13.1]
5;172.30.15.134;unit-9/port-54;[13.6, 13.6, 13.6, 13.6, 13.6, 13.6, 13.6, 13.6, 13.5, 13.5, 13.5, 13.5, 13.5, 13.7, 13.7, 13.7]
5;172.30.15.134;unit-9/port-42;[7.8, 7.8, 7.7, 7.7, 7.7, 7.7, 7.7, 7.7, 7.4, 7.4, 7.4, 7.4, 7.5, 7.5, 7.5, 7.5]
5;172.30.15.134;unit-9/port-86;[6.1, 6.1, 6.1, 6.1, 6.1, 6.1, 6.1, 6.1, 6.1, 6.1, 6.1, 6.1, 6.1, 6.15, 6.2, 6.2]
6;172.30.14.22;unit-9/port-37;[5.0, 5.0, 4.2, 4.2, 4.2, 4.2, 4.2, 4.2, 4.2, 4.2, 4.2, 4.2, 4.2, 4.2, 4.2, 4.2]
6;172.30.14.22;unit-9/port-60;[6.0, 5.6, 6.1, 6.05, 6.0, 6.0, 6.0, 6.0, 7.2, 7.1, 7.1, 7.1, 7.1, 7.0, 7.0, 7.0]
6;172.30.14.22;unit-7/port-75;[21.6, 21.7, 21.5, 21.4, 21.3, 21.4, 21.6, 21.6, 21.5, 21.4, 21.6, 21.6, 21.4, 21.6, 21.6, 21.6]
6;172.30.14.22;unit-7/port-47;[8.0, 7.5, 7.5, 7.5, 7.5, 7.5, 7.5, 7.5, 7.5, 7.5, 7.5, 7.5, 7.5, 7.5, 7.5, 7.5]
6;172.30.14.22;unit-12/port-5;[6.1, 6.0, 6.4, 6.5, 6.6, 6.1, 6.4, 6.4, 6.4, 6.4, 6.4, 6.4, 6.4, 6.4, 6.4, 6.4]
6;172.30.14.61;unit-12/port-50;[12.3, 12.3, 12.3, 12.3, 12.3, 12.3, 12.3, 12.3, 12.3, 12.3, 12.3, 12.3, 12.3, 12.3, 12.3, 12.3]
6;172.30.14.61;unit-7/port-50;[7.3, 7.3, 8.1, 8.1, 8.1, 7.3, 7.3, 7.3, 7.3, 7.3, 7.3, 7.3, 7.3, 7.3, 7.3, 7.3]
6;172.30.14.61;unit-12/port-21;[3.0, 3.0, 3.0, 3.0, 3.0, 3.0, 3.0, 3.0, 3.0, 3.0, 3.0, 3.0, 3.0, 3.0, 3.0, 3.0]
6;172.30.14.61;unit-12/port-46;[3.6, 3.6, 3.6, 3.6, 3.6, 3.6, 3.6, 3.8, 3.8, 3.8, 3.8, 3.8, 3.5, 3.5, 3.5, 3.5]
6;172.30.14.61;unit-7/port-70;[9.8, 9.8, 9.8, 9.8, 9.8, 9.8, 9.8, 9.8, 9.8, 9.8, 9.8, 9.8, 9.6, 9.6, 9.6, 9.6]
6;172.30.14.61;unit-12/port-10;[16.7, 16.7, 16.7, 16.7, 16.7, 16.7, 16.7, 16.7, 16.7, 16.7, 16.7, 16.7, 14.0, 16.7, 16.7, 17.7]
6;172.30.14.61;unit-9/port-28;[14.9, 14.9, 15.1, 15.3, 15.3, 15.3, 14.8, 14.8, 14.8, 15.3, 15.3, 15.3, 14.7, 14.7, 14.7, 14.7]
6;172.30.14.61;unit-12/port-54;[9.7, 9.7, 8.6, 9.6, 3.9, 4.0, 4.0, 9.7, 3.9, 3.9, 4.0, 3.9, 4.0, 4.0, 3.9, 4.0]
6;172.24.3.66;Adsl13/0/8;[325.0, 325.0, 325.0, 325.0, 325.0, 325.0, 325.0, 325.0, 325.0, 325.0, 325.0, 325.0, 330.0, 335.0, 335.0, 335.0]
6;172.24.3.66;Adsl14/0/23;[190.0, 190.0, 190.0, 185.0, 185.0, 185.0, 185.0, 185.0, 185.0, 185.0, 185.0, 185.0, 185.0, 185.0, 185.0, 185.0]
6;172.24.3.66;Adsl2/0/7;[160.0, 160.0, 160.0, 160.0, 160.0, 160.0, 160.0, 160.0, 160.0, 160.0, 160.0, 160.0, 160.0, 160.0, 160.0, 160.0]
6;172.24.3.66;Adsl3/0/11;[215.0, 220.0, 220.0, 220.0, 220.0, 220.0, 235.0, 235.0, 220.0, 225.0, 225.0, 225.0, 220.0, 215.0, 215.0, 215.0]
6;172.24.3.66;Adsl5/0/36;[265.0, 265.0, 265.0, 265.0, 265.0, 265.0, 265.0, 265.0, 265.0, 265.0, 265.0, 265.0, 265.0, 265.0, 260.0, 260.0]
6;172.24.3.66;Adsl11/0/8;[215.0, 215.0, 215.0, 215.0, 215.0, 215.0, 215.0, 215.0, 215.0, 215.0, 215.0, 215.0, 215.0, 215.0, 215.0, 215.0]
6;172.24.3.66;Adsl13/0/32;[235.0, 235.0, 235.0, 235.0, 235.0, 235.0, 235.0, 235.0, 235.0, 235.0, 235.0, 235.0, 235.0, 235.0, 235.0, 235.0]
6;172.24.3.66;Adsl13/0/17;[285.0, 285.0, 285.0, 285.0, 285.0, 285.0, 285.0, 285.0, 285.0, 285.0, 285.0, 285.0, 285.0, 285.0, 285.0, 285.0]
6;172.24.3.66;Adsl13/0/1;[240.0, 240.0, 240.0, 240.0, 240.0, 240.0, 240.0, 240.0, 240.0, 240.0, 240.0, 240.0, 240.0, 240.0, 240.0, 240.0]
6;172.24.3.66;Adsl14/0/26;[260.0, 260.0, 260.0, 260.0, 260.0, 260.0, 260.0, 260.0, 265.0, 260.0, 260.0, 260.0, 260.0, 260.0, 260.0, 260.0]
6;172.24.3.244;Adsl12/0/44;[195.0, 195.0, 195.0, 195.0, 195.0, 195.0, 195.0, 195.0, 190.0, 190.0, 190.0, 190.0, 195.0, 195.0, 192.5, 190.0]
6;172.24.3.244;Adsl10/0/45;[170.0, 170.0, 170.0, 170.0, 170.0, 170.0, 170.0, 170.0, 170.0, 170.0, 170.0, 172.5, 175.0, 175.0, 175.0, 175.0]
6;172.24.3.244;Adsl9/0/29;[150.0, 145.0, 145.0, 145.0, 145.0, 145.0, 145.0, 145.0, 145.0, 145.0, 145.0, 145.0, 145.0, 145.0, 145.0, 145.0]
6;172.24.3.244;Adsl11/0/5;[160.0, 160.0, 160.0, 160.0, 160.0, 160.0, 160.0, 160.0, 160.0, 160.0, 160.0, 160.0, 160.0, 160.0, 160.0, 160.0]
6;172.24.3.244;Adsl13/0/0;[145.0, 145.0, 145.0, 145.0, 145.0, 145.0, 145.0, 140.0, 145.0, 145.0, 145.0, 145.0, 145.0, 145.0, 145.0, 145.0]
6;172.24.3.244;Adsl13/0/9;[160.0, 170.0, 170.0, 170.0, 170.0, 170.0, 170.0, 170.0, 170.0, 170.0, 170.0, 170.0, 170.0, 170.0, 170.0, 170.0]
6;172.24.3.244;Adsl14/0/19;[150.0, 150.0, 150.0, 150.0, 145.0, 145.0, 150.0, 145.0, 150.0, 145.0, 145.0, 145.0, 145.0, 145.0, 145.0, 145.0]
6;172.24.3.244;Adsl13/0/25;[145.0, 145.0, 145.0, 145.0, 145.0, 145.0, 145.0, 145.0, 145.0, 145.0, 145.0, 145.0, 145.0, 145.0, 145.0, 145.0]
6;172.24.3.244;Adsl15/0/9;[187.0, 187.0, 187.5, 188.0, 188.0, 190.0, 190.0, 190.0, 190.0, 190.0, 190.0, 190.0, 190.0, 190.0, 190.0, 190.0]
6;172.24.3.236;Adsl14/0/5;[405.0, 405.0, 405.0, 405.0, 405.0, 405.0, 405.0, 405.0, 405.0, 405.0, 405.0, 405.0, 405.0, 405.0, 405.0, 405.0]
6;172.24.3.236;Adsl4/0/31;[327.0, 327.0, 327.0, 327.0, 327.0, 330.0, 330.0, 330.0, 330.0, 330.0, 330.0, 330.0, 330.0, 330.0, 330.0, 330.0]
6;172.24.3.236;Adsl14/0/10;[455.0, 455.0, 455.0, 455.0, 455.0, 455.0, 460.0, 475.0, 475.0, 455.0, 457.5, 460.0, 455.0, 460.0, 460.0, 455.0]
6;172.24.3.236;Adsl3/0/45;[185.0, 185.0, 185.0, 180.0, 180.0, 180.0, 180.0, 180.0, 185.0, 185.0, 185.0, 185.0, 185.0, 180.0, 180.0, 180.0]
6;172.24.3.236;Adsl2/0/31;[400.0, 400.0, 400.0, 400.0, 400.0, 400.0, 400.0, 400.0, 400.0, 400.0, 400.0, 400.0, 410.0, 410.0, 410.0, 410.0]
6;172.24.3.236;Adsl14/0/4;[140.0, 140.0, 140.0, 140.0, 140.0, 140.0, 140.0, 140.0, 140.0, 140.0, 140.0, 140.0, 140.0, 140.0, 140.0, 140.0]
6;172.24.3.236;Adsl11/0/9;[350.0, 350.0, 350.0, 350.0, 340.0, 340.0, 340.0, 340.0, 340.0, 340.0, 340.0, 340.0, 340.0, 340.0, 340.0, 340.0]
6;172.24.2.19;4/33;[208.0, 208.0, 205.0, 205.0, 205.0, 205.0, 205.0, 209.0, 209.0, 209.0, 209.0, 207.0, 207.0, 219.0, 215.0, 215.0]
6;172.24.2.19;8/62;[185.0, 185.0, 186.0, 191.0, 186.0, 187.0, 195.0, 253.0, 40.0, 225.0, 183.0, 183.0, 183.0, 183.0, 155.0, 155.0]
6;172.24.2.19;4/15;[184.0, 184.0, 40.0, 186.0, 186.0, 187.0, 184.0, 186.0, 183.0, 184.0, 182.0, 185.0, 183.0, 184.0, 184.0, 184.0]
6;172.24.2.19;8/60;[65.0, 65.0, 65.0, 65.0, 65.0, 65.0, 60.0, 60.0, 60.0, 60.0, 60.0, 60.0, 60.0, 60.0, 60.0, 60.0]
6;172.24.2.19;8/36;[168.0, 168.0, 168.0, 168.0, 168.0, 168.0, 168.0, 168.0, 168.0, 168.0, 168.0, 168.0, 168.0, 168.0, 168.0, 168.0]
6;172.24.2.19;8/20;[238.0, 238.0, 238.0, 201.0, 201.0, 197.0, 203.0, 201.0, 201.0, 201.0, 201.0, 201.0, 199.0, 199.0, 202.0, 202.0]
6;172.24.2.19;2/43;[182.0, 182.0, 182.0, 182.0, 182.0, 182.0, 182.0, 182.0, 182.0, 182.0, 182.0, 182.0, 182.0, 182.0, 182.0, 182.0]
6;172.24.2.19;16/49;[100.0, 100.0, 100.0, 100.0, 100.0, 100.0, 100.0, 100.0, 100.0, 100.0, 100.0, 100.0, 100.0, 100.0, 100.0, 100.0]
6;172.24.2.19;8/48;[132.0, 132.0, 132.0, 132.0, 132.0, 133.0, 134.0, 134.0, 134.0, 134.0, 134.0, 134.0, 134.0, 134.0, 132.0, 132.0]
6;172.30.14.85;unit-7/port-27;[3.0, 3.0, 3.0, 3.0, 3.0, 3.0, 3.0, 3.0, 3.0, 3.0, 3.0, 3.0, 3.0, 3.0, 3.0, 3.0]
6;172.30.14.85;unit-7/port-87;[10.0, 10.0, 10.0, 10.0, 10.0, 10.0, 10.0, 10.1, 10.1, 10.1, 10.1, 10.1, 10.1, 10.1, 10.3, 10.3]
6;172.30.14.85;unit-7/port-6;[4.2, 4.2, 4.2, 4.2, 4.2, 4.2, 4.2, 4.2, 4.2, 4.2, 4.2, 4.2, 4.2, 4.2, 4.2, 4.2]
6;172.30.14.85;unit-9/port-2;[2.1, 2.1, 2.1, 2.1, 2.1, 2.1, 2.1, 2.1, 2.1, 2.1, 2.1, 2.1, 2.1, 2.1, 2.1, 2.1]
6;172.30.14.85;unit-9/port-62;[9.5, 9.5, 9.5, 9.5, 9.5, 9.5, 9.5, 9.5, 9.5, 9.5, 9.5, 9.5, 9.5, 9.5, 9.5, 9.5]
6;172.30.14.85;unit-7/port-33;[5.7, 5.7, 5.7, 5.7, 5.7, 5.7, 5.7, 5.7, 5.8, 5.8, 5.8, 5.8, 5.8, 5.8, 5.8, 5.8]
6;172.30.14.85;unit-9/port-48;[6.4, 6.4, 5.8, 5.8, 5.8, 5.8, 5.8, 5.8, 5.8, 6.1, 6.1, 6.1, 6.1, 6.3, 6.3, 6.3]
6;172.30.14.85;unit-9/port-69;[0.7, 0.7, 0.7, 0.6, 0.5, 0.5, 0.5, 0.5, 0.5, 0.5, 0.5, 0.6, 0.7, 0.6, 0.6, 0.6]
6;172.30.14.85;unit-7/port-92;[3.0, 3.0, 3.0, 3.0, 3.0, 3.0, 3.0, 3.0, 3.0, 3.0, 3.0, 3.0, 3.0, 3.0, 3.0, 3.0]
6;172.30.14.85;unit-7/port-93;[6.0, 6.0, 6.0, 6.0, 6.0, 6.0, 6.0, 6.0, 6.0, 6.0, 6.0, 5.9, 5.9, 6.7, 6.7, 6.7]
6;172.25.21.168;adsl0/29/30;[95.0, 95.0, 88.0, 88.0, 88.0, 88.0, 88.0, 88.0, 88.0, 88.0, 88.0, 88.0, 95.0, 95.0, 95.0, 95.0]
6;172.25.21.168;adsl0/25/2;[71.0, 71.0, 68.0, 71.0, 76.0, 70.0, 68.0, 71.0, 71.0, 73.0, 73.0, 75.0, 76.0, 71.0, 75.0, 76.0]
6;172.25.21.168;adsl0/24/31;[163.0, 163.0, 163.0, 163.0, 163.0, 163.0, 163.0, 163.0, 163.0, 163.0, 163.0, 163.0, 163.0, 163.0, 163.0, 163.0]
6;172.25.21.168;adsl0/10/26;[6.0, 6.0, 6.0, 6.0, 6.0, 6.0, 6.0, 6.0, 6.0, 6.0, 6.0, 6.0, 6.0, 6.0, 6.0, 8.0]
6;172.25.21.168;adsl0/20/16;[136.0, 136.0, 136.0, 136.0, 136.0, 136.0, 136.0, 136.0, 136.0, 136.0, 136.0, 146.0, 146.0, 136.0, 146.0, 136.0]
6;172.30.18.30;unit-9/port-47;[7.1, 18.3, 18.3, 18.3, 18.3, 12.8, 7.3, 18.4, 18.4, 7.8, 7.8, 7.8, 7.8, 7.8, 7.3, 7.4]
6;172.30.18.30;unit-12/port-46;[3.0, 3.0, 3.0, 3.0, 3.0, 3.0, 3.0, 3.0, 3.0, 3.0, 3.0, 3.0, 3.0, 3.0, 3.0, 3.0]
6;172.30.18.30;unit-12/port-44;[4.2, 3.4, 3.4, 3.4, 3.4, 3.4, 3.4, 3.4, 3.4, 3.4, 3.4, 3.4, 3.4, 3.4, 3.4, 3.4]
6;172.30.18.30;unit-9/port-88;[10.4, 12.7, 11.7, 12.7, 12.7, 12.7, 12.7, 12.7, 12.7, 12.7, 12.7, 12.7, 12.7, 12.7, 12.7, 12.7]
6;172.30.18.30;unit-12/port-75;[3.9, 3.9, 3.9, 3.6, 3.9, 3.9, 3.9, 3.9, 3.9, 3.9, 3.9, 3.9, 3.9, 3.9, 3.9, 3.9]
6;172.30.18.30;unit-9/port-22;[3.0, 3.0, 3.0, 3.0, 3.0, 3.0, 3.0, 3.0, 3.0, 3.0, 3.0, 3.0, 3.0, 3.0, 3.0, 3.0]
6;172.30.18.30;unit-7/port-13;[9.2, 9.2, 9.3, 9.3, 9.3, 9.3, 9.3, 9.3, 9.3, 9.3, 9.3, 9.3, 9.3, 9.3, 9.3, 9.3]
6;172.30.18.30;unit-7/port-7;[12.8, 12.8, 12.3, 12.3, 12.3, 12.3, 12.3, 12.3, 12.3, 12.3, 12.3, 12.3, 12.3, 12.4, 12.4, 12.4]
6;172.30.18.30;unit-12/port-91;[16.0, 15.8, 15.8, 15.8, 15.9, 15.9, 15.9, 15.9, 15.9, 15.9, 15.9, 15.9, 15.9, 15.9, 15.9, 16.0]
6;172.30.18.30;unit-9/port-69;[12.9, 12.9, 12.6, 12.6, 12.6, 12.6, 12.6, 12.6, 12.6, 12.6, 12.6, 12.6, 12.6, 12.6, 12.6, 12.6]
6;172.30.14.78;unit-9/port-19;[7.6, 7.6, 7.3, 7.5, 7.5, 7.4, 7.5, 7.5, 7.5, 7.5, 7.5, 7.5, 7.5, 7.5, 7.5, 7.5]
6;172.30.14.78;unit-9/port-16;[13.9, 13.9, 13.9, 13.9, 13.9, 13.9, 13.9, 13.9, 13.9, 13.9, 14.1, 14.1, 14.1, 14.1, 14.1, 14.1]
6;172.30.14.78;unit-9/port-66;[7.5, 7.5, 7.5, 7.5, 7.5, 7.5, 7.5, 7.4, 7.7, 7.5, 7.5, 7.5, 7.5, 7.5, 8.0, 7.6]
6;172.30.14.78;unit-7/port-4;[17.5, 17.5, 18.1, 17.5, 17.6, 17.55, 17.5, 17.5, 19.3, 18.5, 17.6, 18.0, 17.7, 17.7, 17.6, 17.6]
6;172.30.14.78;unit-9/port-2;[2.4, 2.4, 2.4, 2.4, 2.4, 2.4, 2.4, 2.4, 2.4, 2.4, 2.4, 2.4, 2.4, 2.4, 2.4, 2.4]
6;172.30.14.78;unit-7/port-16;[10.9, 10.9, 10.9, 11.0, 11.0, 11.0, 11.0, 11.0, 11.0, 11.1, 11.1, 11.1, 11.1, 10.9, 10.9, 10.9]
6;172.30.14.78;unit-9/port-30;[2.4, 2.4, 2.4, 2.4, 2.2, 2.2, 2.2, 16.1, 2.6, 6.6, 6.6, 6.6, 6.6, 6.6, 6.6, 2.2]
6;172.30.14.78;unit-9/port-83;[10.2, 10.2, 10.2, 10.2, 10.2, 10.2, 10.2, 10.2, 10.2, 10.2, 10.5, 10.5, 10.5, 10.5, 10.3, 10.3]
6;172.30.14.78;unit-7/port-49;[12.5, 12.5, 12.5, 12.5, 12.5, 12.5, 12.5, 12.5, 12.5, 12.5, 12.6, 12.6, 12.6, 12.6, 12.6, 12.6]
6;172.30.14.78;unit-9/port-69;[9.0, 9.0, 9.2, 9.2, 9.2, 9.1, 9.1, 9.1, 9.1, 9.1, 9.1, 9.1, 9.1, 9.1, 9.1, 9.1]
7;172.24.3.243;Adsl11/0/12;[280.0, 280.0, 280.0, 280.0, 280.0, 280.0, 280.0, 280.0, 280.0, 280.0, 280.0, 280.0, 280.0, 285.0, 282.5, 280.0]
7;172.24.3.243;Adsl12/0/37;[210.0, 210.0, 210.0, 210.0, 210.0, 210.0, 210.0, 210.0, 210.0, 210.0, 210.0, 210.0, 210.0, 210.0, 210.0, 210.0]
7;172.24.3.243;Adsl11/0/6;[210.0, 210.0, 210.0, 210.0, 210.0, 210.0, 210.0, 210.0, 210.0, 210.0, 205.0, 205.0, 210.0, 210.0, 210.0, 210.0]
7;172.24.3.243;Adsl11/0/31;[235.0, 230.0, 230.0, 230.0, 230.0, 230.0, 230.0, 230.0, 230.0, 235.0, 225.0, 225.0, 225.0, 225.0, 225.0, 225.0]
7;172.24.3.243;Adsl13/0/47;[150.0, 150.0, 150.0, 150.0, 150.0, 150.0, 150.0, 155.0, 155.0, 155.0, 155.0, 155.0, 155.0, 155.0, 155.0, 155.0]
7;172.24.3.243;Adsl11/0/36;[315.0, 315.0, 315.0, 315.0, 315.0, 322.5, 330.0, 330.0, 330.0, 315.0, 315.0, 315.0, 315.0, 330.0, 330.0, 330.0]
7;172.24.3.243;Adsl13/0/33;[75.0, 75.0, 75.0, 80.0, 80.0, 80.0, 80.0, 80.0, 80.0, 80.0, 80.0, 80.0, 80.0, 80.0, 80.0, 80.0]
7;172.24.3.243;Adsl12/0/33;[60.0, 65.0, 65.0, 65.0, 65.0, 65.0, 65.0, 65.0, 65.0, 65.0, 65.0, 65.0, 60.0, 60.0, 60.0, 60.0]
7;172.24.3.243;Adsl15/0/47;[215.0, 215.0, 215.0, 215.0, 215.0, 215.0, 215.0, 215.0, 215.0, 215.0, 215.0, 215.0, 215.0, 215.0, 215.0, 215.0]
7;172.30.14.17;unit-9/port-50;[3.4, 3.4, 3.4, 3.4, 3.4, 3.4, 3.4, 3.4, 3.4, 3.4, 3.4, 3.4, 3.4, 3.4, 3.4, 3.4]
7;172.30.14.17;unit-9/port-11;[5.8, 5.8, 5.7, 5.7, 5.7, 5.7, 5.7, 5.7, 5.7, 5.7, 5.8, 5.8, 5.8, 5.8, 5.8, 5.8]
7;172.30.14.17;unit-7/port-50;[9.6, 9.6, 9.2, 9.2, 9.2, 9.2, 9.2, 9.2, 9.2, 9.2, 9.2, 9.2, 9.2, 9.2, 9.3, 9.2]
7;172.30.14.17;unit-7/port-40;[12.2, 12.2, 12.1, 12.1, 12.5, 12.45, 12.4, 12.6, 12.3, 12.3, 12.3, 12.5, 12.7, 12.7, 12.7, 12.7]
7;172.30.14.17;unit-7/port-54;[13.0, 13.0, 13.0, 13.0, 13.0, 13.0, 13.0, 13.0, 13.0, 13.0, 13.0, 13.0, 13.0, 12.5, 12.5, 12.5]
7;172.30.14.17;unit-9/port-17;[8.5, 8.5, 8.1, 10.2, 10.2, 10.2, 10.2, 8.3, 8.3, 8.3, 8.9, 8.4, 8.4, 8.4, 8.4, 8.7]
7;172.30.14.17;unit-9/port-67;[4.0, 4.0, 4.0, 4.0, 4.0, 4.25, 4.5, 4.5, 4.5, 4.5, 4.5, 4.5, 4.5, 4.5, 4.5, 4.5]
7;172.30.14.17;unit-9/port-13;[7.6, 7.6, 7.6, 7.6, 7.6, 7.6, 7.6, 7.6, 7.6, 7.6, 7.6, 7.6, 7.6, 7.6, 7.6, 7.6]
7;172.30.14.17;unit-7/port-16;[10.5, 10.5, 10.4, 10.4, 10.4, 10.4, 10.4, 10.4, 10.4, 10.4, 10.4, 10.5, 10.5, 10.5, 10.5, 10.5]
7;172.25.21.61;unit-3/port-23;[13.0, 13.0, 13.0, 13.0, 13.0, 13.0, 13.0, 13.0, 13.0, 13.0, 13.0, 13.0, 13.0, 13.0, 13.0, 13.0]
7;172.25.21.61;unit-12/port-4;[42.0, 10.0, 10.0, 10.0, 10.0, 10.0, 10.0, 10.0, 10.0, 10.0, 10.0, 10.0, 10.0, 10.0, 10.0, 10.0]
7;172.25.21.61;unit-20/port-19;[23.0, 23.0, 23.0, 23.0, 23.0, 23.0, 23.0, 23.0, 23.0, 23.0, 23.0, 23.0, 23.0, 23.0, 23.0, 23.0]
7;172.25.21.61;unit-3/port-15;[10.0, 10.0, 10.0, 10.0, 10.0, 10.0, 10.0, 10.0, 10.0, 10.0, 10.0, 10.0, 10.0, 10.0, 10.0, 10.0]
7;172.25.21.250;unit-1/port-35;[24.0, 24.0, 25.0, 25.0, 25.0, 24.0, 24.0, 24.0, 24.0, 24.0, 24.0, 24.0, 24.0, 24.0, 24.0, 24.0]
7;172.25.21.250;unit-3/port-9;[17.0, 17.0, 17.0, 17.0, 17.0, 17.0, 17.0, 17.0, 17.0, 17.0, 17.0, 17.0, 17.0, 17.0, 17.0, 17.0]
7;172.25.21.250;unit-3/port-22;[20.0, 20.0, 20.0, 20.0, 20.0, 20.0, 20.0, 20.0, 20.0, 20.0, 20.0, 20.0, 20.0, 20.0, 20.0, 20.0]
7;172.25.21.250;unit-20/port-2;[18.0, 18.0, 18.0, 18.0, 18.0, 18.0, 18.0, 18.0, 18.0, 18.0, 18.0, 18.0, 18.0, 18.0, 18.0, 18.0]
7;172.24.3.227;Adsl15/0/12;[255.0, 255.0, 255.0, 260.0, 260.0, 260.0, 260.0, 255.0, 260.0, 260.0, 260.0, 260.0, 260.0, 255.0, 255.0, 255.0]
7;172.24.3.227;Adsl11/0/21;[225.0, 225.0, 225.0, 225.0, 225.0, 225.0, 225.0, 225.0, 225.0, 225.0, 225.0, 225.0, 225.0, 225.0, 225.0, 225.0]
7;172.24.3.227;Adsl12/0/30;[230.0, 230.0, 230.0, 230.0, 230.0, 230.0, 230.0, 235.0, 235.0, 235.0, 235.0, 235.0, 235.0, 235.0, 235.0, 235.0]
7;172.24.3.227;Adsl10/0/9;[270.0, 270.0, 270.0, 270.0, 270.0, 270.0, 270.0, 270.0, 270.0, 270.0, 270.0, 270.0, 270.0, 270.0, 270.0, 270.0]
7;172.24.3.227;Adsl12/0/40;[220.0, 215.0, 215.0, 220.0, 220.0, 217.5, 215.0, 215.0, 215.0, 215.0, 215.0, 215.0, 215.0, 215.0, 215.0, 215.0]
7;172.24.3.227;Adsl15/0/26;[45.0, 45.0, 45.0, 55.0, 55.0, 55.0, 55.0, 45.0, 45.0, 45.0, 45.0, 45.0, 45.0, 47.5, 50.0, 45.0]
7;172.24.3.227;Adsl15/0/37;[225.0, 225.0, 225.0, 225.0, 225.0, 225.0, 225.0, 225.0, 225.0, 225.0, 225.0, 225.0, 225.0, 225.0, 225.0, 225.0]
7;172.24.3.227;Adsl9/0/33;[330.0, 330.0, 330.0, 330.0, 330.0, 330.0, 330.0, 330.0, 330.0, 330.0, 330.0, 330.0, 330.0, 330.0, 330.0, 330.0]
7;172.24.3.227;Adsl10/0/23;[100.0, 100.0, 100.0, 100.0, 100.0, 100.0, 100.0, 100.0, 100.0, 100.0, 100.0, 105.0, 105.0, 105.0, 105.0, 105.0]
7;172.24.3.227;Adsl9/0/31;[300.0, 300.0, 300.0, 300.0, 300.0, 300.0, 300.0, 300.0, 300.0, 300.0, 300.0, 300.0, 300.0, 300.0, 300.0, 300.0]
7;172.25.93.29;unit-9/port-94;[13.5, 13.4, 11.4, 10.5, 10.3, 10.85, 11.4, 11.5, 11.2, 10.9, 10.9, 14.9, 14.9, 13.1, 13.1, 13.1]
7;172.25.93.29;unit-7/port-3;[9.0, 9.0, 9.0, 9.0, 11.0, 10.0, 9.0, 9.0, 9.0, 9.0, 9.0, 9.0, 9.0, 9.0, 9.0, 9.0]
7;172.25.93.29;unit-12/port-21;[2.0, 2.0, 2.0, 2.0, 2.0, 2.0, 2.0, 2.0, 2.0, 2.0, 2.0, 2.0, 2.0, 2.0, 2.0, 2.0]
7;172.25.93.29;unit-9/port-53;[8.1, 8.1, 8.1, 8.1, 8.1, 8.1, 8.1, 8.1, 8.1, 8.1, 8.1, 8.1, 8.1, 8.1, 8.1, 8.1]
7;172.25.93.29;unit-9/port-34;[12.6, 12.6, 12.6, 12.6, 12.6, 12.6, 12.6, 12.6, 12.6, 12.6, 12.6, 12.6, 12.6, 12.6, 12.6, 12.6]
7;172.25.93.29;unit-9/port-17;[3.3, 3.4, 3.4, 3.4, 3.4, 3.4, 3.4, 3.4, 3.4, 3.4, 3.4, 3.4, 3.4, 3.2, 3.2, 3.2]
7;172.25.21.183;adsl0/6/8;[303.0, 305.0, 303.0, 303.0, 303.0, 303.0, 303.0, 303.0, 303.0, 303.0, 313.0, 313.0, 312.0, 311.0, 311.0, 313.0]
7;172.25.21.183;adsl0/23/1;[375.0, 380.0, 380.0, 380.0, 380.0, 380.0, 380.0, 380.0, 380.0, 375.0, 375.0, 375.0, 375.0, 375.0, 375.0, 345.0]
7;172.25.21.183;adsl0/11/27;[425.0, 425.0, 425.0, 425.0, 420.0, 420.0, 420.0, 420.0, 420.0, 420.0, 420.0, 420.0, 420.0, 420.0, 420.0, 425.0]
7;172.25.21.183;adsl0/31/2;[290.0, 290.0, 290.0, 290.0, 290.0, 290.0, 290.0, 290.0, 290.0, 290.0, 290.0, 290.0, 290.0, 290.0, 290.0, 290.0]
7;172.25.21.183;adsl0/24/3;[290.0, 290.0, 290.0, 290.0, 290.0, 290.0, 290.0, 290.0, 290.0, 290.0, 290.0, 290.0, 321.0, 321.0, 321.0, 290.0]
7;172.25.21.183;adsl0/33/24;[111.0, 111.0, 111.0, 111.0, 111.0, 111.0, 111.0, 111.0, 111.0, 111.0, 111.0, 111.0, 111.0, 111.0, 111.0, 111.0]
7;172.25.21.183;adsl0/20/27;[145.0, 145.0, 145.0, 145.0, 145.0, 145.0, 145.0, 145.0, 145.0, 145.0, 145.0, 145.0, 145.0, 145.0, 145.0, 145.0]
7;172.25.21.183;adsl0/27/28;[183.0, 185.0, 185.0, 184.0, 183.0, 183.0, 183.0, 183.0, 183.0, 183.0, 183.0, 183.0, 183.0, 183.0, 183.0, 185.0]
7;172.25.21.183;adsl0/15/13;[143.0, 143.0, 143.0, 143.0, 143.0, 143.0, 143.0, 143.0, 143.0, 143.0, 143.0, 143.0, 143.0, 143.0, 143.0, 143.0]
7;172.25.93.17;unit-8/port-44;[15.0, 14.0, 14.0, 14.0, 14.0, 14.0, 14.0, 14.0, 14.0, 14.0, 14.0, 14.0, 14.0, 14.0, 13.0, 13.0]
7;172.25.93.17;unit-13/port-22;[9.8, 9.8, 9.9, 9.9, 9.9, 9.9, 9.9, 9.7, 9.7, 9.7, 9.7, 9.7, 9.7, 9.75, 9.8, 9.8]
7;172.25.93.17;unit-8/port-32;[25.0, 25.0, 25.0, 25.0, 25.0, 25.0, 25.0, 25.0, 25.0, 25.0, 25.0, 25.0, 25.0, 25.0, 26.0, 26.0]
7;172.25.93.17;unit-7/port-6;[1.0, 1.0, 1.0, 1.0, 1.0, 1.0, 1.0, 1.0, 1.0, 1.0, 1.0, 1.0, 1.0, 1.0, 1.0, 1.0]
7;172.25.93.17;unit-9/port-39;[23.0, 23.0, 23.0, 23.0, 23.0, 23.0, 23.0, 23.0, 23.0, 23.0, 23.0, 23.0, 23.0, 23.0, 23.0, 23.0]
7;172.25.93.17;unit-7/port-33;[11.0, 11.0, 11.0, 11.0, 12.0, 12.0, 12.0, 12.0, 11.0, 11.0, 11.0, 11.5, 12.0, 11.0, 11.0, 11.0]
7;172.25.93.17;unit-13/port-34;[9.3, 9.3, 9.45, 9.6, 9.6, 9.6, 9.6, 9.6, 9.4, 9.4, 9.4, 9.4, 9.4, 9.4, 9.4, 9.4]
7;172.25.93.17;unit-13/port-9;[6.1, 6.1, 6.2, 6.2, 6.2, 6.2, 6.2, 6.2, 6.2, 6.1, 6.1, 6.1, 6.1, 6.1, 6.1, 6.1]
7;172.25.93.17;unit-13/port-78;[12.7, 12.7, 12.6, 13.1, 12.9, 12.9, 12.9, 12.9, 12.9, 12.3, 12.3, 12.3, 12.2, 12.15, 12.1, 12.1]
7;172.25.93.17;unit-13/port-41;[8.6, 8.6, 8.6, 8.7, 8.7, 8.7, 8.7, 8.7, 8.7, 8.6, 8.6, 8.6, 8.6, 8.55, 8.5, 8.5]
7;172.24.3.250;Adsl9/0/39;[490.0, 490.0, 490.0, 490.0, 490.0, 490.0, 490.0, 490.0, 490.0, 490.0, 490.0, 490.0, 490.0, 490.0, 490.0, 490.0]
7;172.24.3.250;Adsl6/0/19;[80.0, 80.0, 80.0, 80.0, 80.0, 80.0, 80.0, 80.0, 80.0, 80.0, 80.0, 80.0, 80.0, 80.0, 80.0, 80.0]
7;172.24.3.250;Adsl4/0/14;[305.0, 305.0, 305.0, 305.0, 305.0, 305.0, 305.0, 305.0, 305.0, 305.0, 305.0, 305.0, 305.0, 305.0, 305.0, 305.0]
7;172.24.3.250;Adsl2/0/15;[235.0, 235.0, 235.0, 235.0, 235.0, 235.0, 235.0, 235.0, 235.0, 235.0, 235.0, 235.0, 235.0, 230.0, 230.0, 230.0]
7;172.24.3.250;Adsl1/0/1;[180.0, 180.0, 180.0, 180.0, 180.0, 180.0, 180.0, 180.0, 180.0, 180.0, 180.0, 180.0, 180.0, 180.0, 180.0, 180.0]
7;172.24.3.250;Adsl5/0/3;[255.0, 255.0, 255.0, 255.0, 255.0, 260.0, 265.0, 265.0, 265.0, 265.0, 265.0, 265.0, 265.0, 265.0, 265.0, 265.0]
7;172.24.3.250;Adsl9/0/45;[130.0, 130.0, 130.0, 130.0, 130.0, 130.0, 130.0, 130.0, 130.0, 130.0, 130.0, 130.0, 130.0, 130.0, 130.0, 130.0]
7;172.24.3.250;Adsl6/0/44;[285.0, 285.0, 285.0, 285.0, 285.0, 285.0, 285.0, 285.0, 285.0, 285.0, 285.0, 285.0, 285.0, 285.0, 285.0, 285.0]
7;172.30.4.22;unit-12/port-50;[28.0, 28.0, 29.0, 28.0, 28.0, 28.0, 28.0, 28.0, 28.0, 29.0, 29.0, 29.0, 29.0, 28.0, 28.0, 28.0]
8;172.25.21.183;adsl0/8/2;[211.0, 211.0, 211.0, 211.0, 211.0, 211.0, 211.0, 211.0, 216.0, 216.0, 216.0, 216.0, 216.0, 216.0, 216.0, 216.0]
8;172.25.21.183;adsl0/18/6;[338.0, 330.0, 330.0, 338.0, 338.0, 338.0, 338.0, 338.0, 423.0, 508.0, 338.0, 338.0, 338.0, 334.0, 330.0, 338.0]
8;172.25.21.183;adsl0/9/2;[285.0, 285.0, 285.0, 283.0, 283.0, 283.0, 283.0, 283.0, 283.0, 283.0, 283.0, 283.0, 283.0, 283.0, 283.0, 283.0]
8;172.25.21.183;adsl0/33/14;[285.0, 283.0, 281.0, 281.0, 281.0, 281.0, 281.0, 281.0, 285.0, 285.0, 285.0, 285.0, 285.0, 285.0, 285.0, 285.0]
8;172.25.21.183;adsl0/14/26;[363.0, 363.0, 363.0, 363.0, 363.0, 363.0, 363.0, 363.0, 363.0, 363.0, 363.0, 365.0, 363.0, 363.0, 363.0, 363.0]
8;172.25.21.183;adsl0/33/27;[116.0, 116.0, 116.0, 116.0, 116.0, 116.0, 116.0, 116.0, 116.0, 116.0, 116.0, 116.0, 116.0, 116.0, 115.0, 116.0]
8;172.25.21.183;adsl0/22/28;[250.0, 250.0, 250.0, 250.0, 250.0, 250.0, 250.0, 248.0, 250.0, 250.0, 250.0, 250.0, 250.0, 250.0, 250.0, 250.0]
8;172.25.21.183;adsl0/29/5;[176.0, 176.0, 176.0, 176.0, 176.0, 176.0, 176.0, 176.0, 176.0, 176.0, 176.0, 176.0, 176.0, 176.0, 176.0, 176.0]
8;172.25.21.183;adsl0/11/8;[290.0, 290.0, 290.0, 290.0, 290.0, 290.0, 290.0, 290.0, 283.0, 283.0, 283.0, 290.0, 290.0, 290.0, 290.0, 290.0]
8;172.25.21.183;adsl0/12/12;[303.0, 303.0, 303.0, 303.0, 305.0, 305.0, 305.0, 305.0, 305.0, 303.0, 303.0, 303.0, 303.0, 305.0, 305.0, 305.0]
8;172.30.14.98;unit-9/port-30;[5.6, 5.6, 5.8, 5.8, 5.8, 5.8, 5.8, 5.8, 5.8, 5.8, 5.8, 5.8, 5.8, 5.8, 5.6, 5.6]
8;172.30.14.98;unit-12/port-62;[26.6, 25.9, 25.7, 25.8, 25.9, 26.0, 25.7, 25.7, 26.3, 26.1, 26.1, 25.85, 25.6, 25.7, 25.9, 25.3]
8;172.30.14.98;unit-12/port-41;[11.3, 11.3, 11.0, 11.1, 11.1, 11.1, 11.1, 11.1, 11.1, 11.1, 11.2, 11.3, 11.3, 11.3, 11.2, 11.2]
8;172.30.14.98;unit-9/port-85;[19.5, 19.5, 19.5, 19.5, 19.5, 19.5, 19.5, 19.5, 19.5, 19.5, 19.5, 19.8, 19.8, 19.8, 19.7, 19.7]
8;172.30.14.98;unit-7/port-41;[8.3, 8.5, 8.3, 8.5, 8.5, 8.5, 8.5, 8.5, 8.5, 8.45, 8.4, 8.4, 8.3, 8.3, 8.3, 8.3]
8;172.30.14.98;unit-7/port-78;[11.5, 11.5, 11.3, 11.3, 11.3, 11.3, 11.3, 11.3, 11.3, 11.3, 11.3, 11.5, 11.5, 11.5, 11.4, 11.4]
8;172.30.14.98;unit-12/port-15;[15.6, 15.6, 15.2, 15.2, 15.2, 15.2, 15.2, 15.6, 15.6, 15.6, 15.6, 15.5, 15.5, 15.7, 15.4, 15.4]
8;172.30.14.98;unit-7/port-83;[10.5, 10.5, 10.3, 10.3, 10.3, 10.3, 10.3, 10.3, 10.3, 10.3, 10.3, 10.3, 10.7, 10.7, 10.4, 10.4]
8;172.30.14.98;unit-9/port-64;[14.4, 15.8, 15.8, 15.45, 15.1, 15.1, 15.1, 14.4, 14.4, 14.6, 14.0, 14.05, 14.1, 14.8, 14.2, 14.2]
8;172.30.14.98;unit-12/port-40;[3.9, 4.0, 3.7, 3.7, 3.7, 3.7, 3.7, 3.7, 3.7, 3.7, 3.7, 4.0, 4.0, 4.0, 3.9, 3.9]
8;172.24.3.68;Adsl1/0/5;[185.0, 185.0, 185.0, 185.0, 185.0, 185.0, 185.0, 185.0, 185.0, 185.0, 185.0, 185.0, 185.0, 185.0, 185.0, 185.0]
8;172.24.3.68;Adsl9/0/27;[270.0, 270.0, 270.0, 270.0, 270.0, 270.0, 270.0, 270.0, 270.0, 270.0, 270.0, 270.0, 270.0, 270.0, 270.0, 270.0]
8;172.24.3.68;Adsl3/0/8;[95.0, 95.0, 95.0, 95.0, 95.0, 95.0, 95.0, 95.0, 95.0, 95.0, 95.0, 95.0, 95.0, 95.0, 100.0, 100.0]
8;172.24.3.68;Adsl1/0/27;[215.0, 215.0, 210.0, 210.0, 210.0, 210.0, 210.0, 210.0, 225.0, 220.0, 220.0, 215.0, 215.0, 215.0, 210.0, 210.0]
8;172.24.3.68;Adsl0/0/33;[301.0, 301.0, 301.0, 301.0, 300.0, 300.0, 300.0, 300.0, 300.0, 300.0, 300.0, 300.0, 300.0, 300.0, 300.0, 300.0]
8;172.25.22.161;unit-5/port-12;[5.0, 5.0, 5.0, 5.0, 5.0, 5.0, 5.0, 5.0, 5.0, 5.0, 5.0, 5.0, 5.0, 5.0, 5.0, 5.0]
8;172.25.22.161;unit-5/port-5;[3.0, 3.0, 3.0, 3.0, 3.0, 3.0, 3.0, 3.0, 3.0, 3.0, 3.0, 3.0, 3.0, 3.0, 3.0, 3.0]
8;172.25.22.161;unit-3/port-7;[7.0, 7.0, 7.0, 7.0, 7.0, 7.0, 7.0, 7.0, 7.0, 7.0, 7.0, 7.0, 7.0, 7.0, 7.0, 7.0]
8;172.30.15.139;unit-7/port-32;[3.0, 3.0, 3.0, 3.0, 3.0, 3.0, 3.0, 3.0, 3.0, 3.0, 3.0, 3.0, 3.0, 3.0, 3.0, 3.0]
8;172.30.15.139;unit-9/port-37;[3.0, 3.0, 3.0, 3.0, 3.0, 3.0, 3.0, 3.0, 3.0, 3.0, 3.0, 3.0, 3.0, 3.0, 3.0, 3.0]
8;172.30.15.139;unit-7/port-4;[9.7, 9.7, 9.7, 9.7, 9.7, 9.7, 9.7, 9.7, 9.6, 9.7, 9.7, 9.7, 9.7, 9.65, 9.6, 10.1]
8;172.30.15.139;unit-12/port-72;[11.6, 11.6, 11.6, 11.6, 11.6, 11.6, 11.6, 11.6, 11.6, 11.6, 11.4, 11.4, 11.4, 11.5, 11.3, 11.3]
8;172.30.15.139;unit-12/port-46;[4.0, 4.0, 4.0, 4.0, 3.9, 3.9, 3.9, 3.9, 3.9, 3.9, 3.9, 3.9, 3.9, 3.9, 3.9, 3.9]
8;172.30.15.139;unit-7/port-74;[7.6, 7.6, 7.6, 7.6, 7.6, 7.6, 7.6, 7.6, 7.6, 7.6, 7.3, 7.3, 7.3, 7.3, 7.3, 7.3]
8;172.30.15.139;unit-7/port-53;[4.8, 4.8, 4.8, 5.0, 5.4, 4.8, 4.8, 4.8, 4.8, 4.8, 4.8, 4.8, 4.8, 4.8, 4.8, 4.8]
8;172.30.15.139;unit-9/port-81;[0.1, 0.1, 0.1, 0.1, 0.1, 0.1, 0.1, 0.1, 0.1, 0.1, 0.1, 0.1, 0.1, 0.1, 0.1, 0.1]
8;172.30.15.139;unit-7/port-11;[3.1, 3.1, 3.1, 3.1, 3.1, 3.1, 3.1, 3.1, 3.1, 3.1, 3.1, 3.1, 3.1, 3.1, 3.1, 3.1]
8;172.24.3.231;Adsl5/0/44;[85.0, 85.0, 85.0, 85.0, 85.0, 85.0, 85.0, 85.0, 85.0, 85.0, 85.0, 85.0, 85.0, 85.0, 85.0, 85.0]
8;172.24.3.231;Adsl5/0/17;[160.0, 160.0, 145.0, 130.0, 130.0, 130.0, 130.0, 130.0, 130.0, 130.0, 130.0, 130.0, 130.0, 130.0, 130.0, 130.0]
8;172.24.3.231;Adsl5/0/18;[70.0, 70.0, 70.0, 65.0, 70.0, 67.5, 65.0, 65.0, 70.0, 70.0, 70.0, 70.0, 65.0, 65.0, 65.0, 70.0]
8;172.24.3.231;Adsl5/0/15;[55.0, 60.0, 55.0, 60.0, 55.0, 55.0, 55.0, 55.0, 60.0, 55.0, 60.0, 60.0, 60.0, 60.0, 55.0, 60.0]
8;172.25.21.175;adsl0/13/27;[305.0, 305.0, 71.0, 71.0, 71.0, 73.0, 73.0, 73.0, 73.0, 73.0, 73.0, 73.0, 73.0, 73.0, 76.0, 76.0]
8;172.25.21.175;adsl0/8/9;[61.0, 61.0, 61.0, 61.0, 61.0, 61.0, 61.0, 61.0, 61.0, 61.0, 61.0, 61.0, 61.0, 61.0, 61.0, 61.0]
8;172.25.21.175;adsl0/28/30;[91.0, 91.0, 91.0, 91.0, 91.0, 91.0, 91.0, 91.0, 91.0, 91.0, 91.0, 91.0, 91.0, 90.0, 90.0, 90.0]
8;172.25.21.175;adsl0/11/26;[66.0, 66.0, 66.0, 66.0, 66.0, 65.0, 65.0, 30.0, 30.0, 30.0, 30.0, 30.0, 30.0, 30.0, 30.0, 30.0]
8;172.25.21.175;adsl0/14/6;[53.0, 53.0, 53.0, 53.0, 53.0, 53.0, 53.0, 53.0, 53.0, 51.0, 55.0, 56.5, 58.0, 30.0, 48.0, 48.0]
8;172.25.21.175;adsl0/20/5;[81.0, 81.0, 73.0, 73.0, 73.0, 73.0, 73.0, 73.0, 73.0, 73.0, 73.0, 73.0, 73.0, 73.0, 73.0, 73.0]
8;172.25.21.175;adsl0/12/1;[75.0, 75.0, 75.0, 75.0, 75.0, 75.0, 75.0, 75.0, 75.0, 75.0, 75.0, 75.0, 75.0, 75.0, 75.0, 85.0]
8;172.25.21.175;adsl0/19/21;[271.0, 271.0, 271.0, 271.0, 271.0, 271.0, 271.0, 271.0, 271.0, 271.0, 271.0, 271.0, 271.0, 271.0, 273.0, 273.0]
8;172.30.14.15;unit-7/port-23;[14.7, 14.7, 14.7, 14.7, 14.7, 14.7, 14.7, 14.7, 14.7, 14.7, 14.7, 14.7, 14.7, 14.7, 14.7, 14.7]
8;172.30.14.15;unit-9/port-86;[3.0, 3.0, 3.0, 3.0, 3.0, 3.0, 3.0, 3.0, 3.0, 3.0, 3.0, 3.0, 3.0, 3.0, 3.0, 3.0]
8;172.30.14.15;unit-7/port-44;[6.5, 6.5, 6.5, 6.5, 6.5, 6.5, 6.5, 6.5, 6.5, 6.5, 6.5, 6.5, 6.5, 6.5, 6.5, 6.5]
8;172.30.14.15;unit-9/port-13;[10.4, 10.4, 10.4, 10.4, 10.4, 10.5, 10.5, 10.5, 10.6, 10.6, 10.6, 10.6, 10.7, 10.4, 10.4, 10.6]
8;172.30.14.15;unit-7/port-56;[16.2, 16.2, 16.1, 16.1, 16.1, 16.1, 16.1, 16.1, 16.1, 16.1, 16.1, 16.1, 16.2, 16.2, 16.2, 16.2]
8;172.30.14.15;unit-12/port-87;[4.5, 4.5, 4.5, 9.3, 9.3, 9.3, 9.3, 9.3, 9.3, 9.3, 9.3, 9.3, 9.3, 9.3, 9.3, 9.3]
8;172.30.14.15;unit-7/port-32;[13.0, 13.0, 13.0, 13.0, 13.0, 13.1, 13.1, 13.1, 13.1, 13.1, 13.1, 13.1, 13.1, 13.1, 13.1, 13.1]
8;172.30.14.15;unit-7/port-93;[12.1, 12.1, 12.1, 12.1, 12.1, 12.3, 12.3, 12.3, 12.3, 12.3, 12.2, 12.2, 12.2, 12.2, 12.2, 12.1]
8;172.30.14.15;unit-9/port-50;[8.2, 8.2, 8.2, 8.2, 8.2, 8.2, 8.2, 8.2, 8.2, 8.2, 8.2, 8.2, 8.2, 8.2, 8.2, 8.2]
8;172.30.14.65;unit-12/port-54;[5.2, 5.2, 5.2, 5.2, 5.2, 5.2, 5.2, 5.2, 5.2, 5.2, 5.2, 5.2, 5.2, 5.2, 5.2, 5.2]
8;172.30.14.65;unit-7/port-9;[10.7, 10.8, 10.8, 10.8, 10.8, 10.8, 10.8, 10.8, 10.8, 10.8, 10.8, 10.85, 10.9, 10.9, 10.9, 10.9]
8;172.30.14.65;unit-12/port-9;[19.9, 19.9, 19.6, 19.65, 19.7, 19.9, 19.6, 20.0, 19.9, 20.3, 19.7, 20.1, 19.6, 20.0, 20.1, 20.0]
8;172.30.14.65;unit-7/port-39;[15.7, 15.3, 15.3, 15.3, 15.3, 15.3, 15.3, 15.3, 15.3, 15.3, 15.3, 15.8, 15.8, 15.8, 15.8, 15.4]
8;172.30.14.65;unit-12/port-27;[11.0, 11.0, 11.0, 11.0, 11.0, 11.0, 11.0, 11.0, 11.0, 11.0, 11.0, 11.0, 11.0, 11.0, 11.5, 11.5]
8;172.30.14.65;unit-9/port-49;[9.0, 9.0, 9.0, 8.95, 8.9, 8.9, 8.9, 8.9, 9.2, 9.2, 9.2, 9.2, 9.2, 8.9, 8.9, 8.9]
8;172.30.14.65;unit-7/port-90;[7.4, 7.4, 7.4, 7.4, 7.4, 7.4, 7.4, 7.4, 7.5, 7.5, 7.5, 7.5, 7.5, 7.4, 8.5, 7.9]
8;172.30.14.65;unit-7/port-16;[10.1, 10.1, 10.1, 10.1, 10.1, 9.9, 9.9, 9.9, 10.0, 10.0, 10.0, 10.0, 10.1, 10.1, 10.1, 10.1]
8;172.30.14.65;unit-9/port-94;[3.0, 2.9, 2.9, 2.9, 2.9, 2.9, 2.9, 2.9, 2.9, 2.9, 2.9, 2.9, 2.9, 2.9, 2.9, 2.9]
8;172.30.14.65;unit-7/port-68;[14.1, 13.9, 13.9, 14.05, 14.2, 13.9, 14.2, 13.9, 13.9, 13.8, 14.2, 13.9, 14.0, 14.1, 14.9, 14.2]
8;172.30.4.30;unit-5/port-17;[17.0, 17.0, 17.0, 17.0, 17.0, 17.0, 17.0, 17.0, 17.0, 17.0, 17.0, 17.0, 17.0, 17.0, 17.0, 17.0]
8;172.30.4.30;unit-1/port-50;[11.0, 11.0, 11.0, 11.0, 11.0, 11.0, 11.0, 11.0, 11.0, 11.0, 11.0, 11.0, 11.0, 11.0, 11.0, 11.0]
8;172.30.4.30;unit-1/port-35;[6.0, 6.0, 6.0, 6.0, 6.0, 6.0, 6.0, 6.0, 6.0, 6.0, 6.0, 6.0, 6.0, 6.0, 6.0, 6.0]
8;172.30.4.30;unit-3/port-11;[10.0, 10.0, 10.0, 10.0, 9.0, 9.0, 9.0, 9.0, 9.0, 10.0, 9.0, 9.0, 9.0, 9.0, 10.0, 9.0]
8;172.30.4.30;unit-5/port-37;[15.0, 15.0, 15.0, 15.0, 15.0, 15.0, 15.0, 15.0, 15.0, 15.0, 15.0, 15.0, 15.0, 15.0, 14.0, 14.0]
8;172.30.4.30;unit-7/port-38;[17.0, 17.0, 17.0, 17.0, 17.0, 17.0, 17.0, 17.0, 17.0, 18.0, 18.0, 18.0, 18.0, 18.0, 18.0, 18.0]
9;172.25.21.59;unit-9/port-30;[13.0, 13.0, 13.0, 13.0, 13.0, 13.0, 13.0, 13.0, 12.0, 12.0, 13.0, 13.0, 13.0, 13.0, 13.0, 13.0]
9;172.25.21.59;unit-3/port-17;[6.0, 6.0, 6.0, 6.0, 6.0, 6.0, 6.0, 6.0, 6.0, 6.0, 6.0, 6.0, 6.0, 6.0, 6.0, 6.0]
9;172.25.21.59;unit-1/port-13;[13.0, 13.0, 13.0, 13.0, 13.0, 13.0, 13.0, 13.0, 13.0, 13.0, 13.0, 13.0, 13.0, 13.0, 13.0, 13.0]
9;172.24.2.30;8/27;[158.0, 158.0, 158.0, 158.0, 158.0, 158.0, 158.0, 157.0, 157.0, 157.0, 157.0, 157.0, 157.0, 157.0, 157.0, 157.0]
9;172.24.2.30;6/52;[152.0, 152.0, 153.0, 152.0, 151.0, 152.0, 154.0, 155.0, 154.0, 155.0, 154.0, 154.0, 153.0, 40.0, 318.0, 318.0]
9;172.24.2.30;2/64;[255.0, 255.0, 255.0, 255.0, 255.0, 255.0, 255.0, 255.0, 255.0, 255.0, 255.0, 255.0, 255.0, 255.0, 255.0, 255.0]
9;172.24.2.30;2/3;[198.0, 198.0, 198.0, 198.0, 198.0, 198.0, 198.0, 198.0, 198.0, 198.0, 198.0, 198.0, 198.0, 198.0, 198.0, 198.0]
9;172.24.2.30;2/51;[200.0, 200.0, 200.0, 200.0, 200.0, 200.0, 200.0, 200.0, 200.0, 200.0, 200.0, 200.0, 200.0, 200.0, 200.0, 200.0]
9;172.24.2.30;2/52;[220.0, 220.0, 220.0, 220.0, 220.0, 220.0, 220.0, 220.0, 220.0, 220.0, 220.0, 220.0, 220.0, 220.0, 220.0, 220.0]
9;172.24.2.30;8/20;[153.0, 153.0, 153.0, 153.0, 153.0, 154.0, 153.0, 153.0, 154.0, 153.0, 153.0, 153.0, 154.0, 154.0, 154.0, 154.0]
9;172.24.2.30;4/56;[140.0, 140.0, 140.0, 140.0, 140.0, 140.0, 140.0, 140.0, 140.0, 140.0, 140.0, 140.0, 140.0, 140.0, 140.0, 140.0]
9;172.24.2.30;12/64;[65.0, 65.0, 70.0, 67.5, 65.0, 65.0, 70.0, 70.0, 70.0, 70.0, 70.0, 70.0, 70.0, 70.0, 70.0, 70.0]
9;172.24.2.30;16/48;[90.0, 90.0, 90.0, 90.0, 90.0, 90.0, 90.0, 90.0, 90.0, 100.0, 100.0, 100.0, 100.0, 100.0, 100.0, 100.0]
9;172.30.15.139;unit-7/port-54;[18.0, 18.0, 18.2, 18.2, 18.2, 17.8, 17.8, 17.8, 17.8, 18.0, 18.0, 18.0, 18.0, 17.9, 17.9, 17.9]
9;172.30.15.139;unit-9/port-35;[5.0, 5.0, 5.0, 5.0, 5.0, 5.0, 5.0, 4.6, 4.8, 4.8, 4.8, 4.8, 4.8, 4.7, 4.7, 4.7]
9;172.30.15.139;unit-9/port-96;[3.0, 3.0, 3.0, 3.0, 3.0, 3.0, 3.0, 3.0, 3.0, 3.0, 3.0, 3.0, 3.0, 3.0, 3.0, 3.0]
9;172.30.15.139;unit-7/port-77;[11.2, 11.2, 11.2, 11.2, 11.2, 11.2, 11.2, 11.2, 11.2, 11.2, 11.2, 11.2, 11.2, 11.2, 11.2, 11.2]
9;172.30.15.139;unit-12/port-14;[6.1, 6.1, 6.1, 6.2, 6.0, 5.9, 6.0, 6.2, 6.2, 6.1, 6.2, 6.4, 6.4, 6.4, 6.4, 6.4]
9;172.30.15.139;unit-12/port-43;[13.5, 13.5, 13.5, 13.5, 13.5, 13.5, 13.5, 13.5, 13.5, 13.5, 12.8, 12.8, 12.8, 12.8, 12.8, 12.8]
9;172.30.15.139;unit-12/port-61;[10.5, 10.5, 10.5, 10.1, 10.1, 10.5, 10.5, 10.5, 10.5, 10.5, 10.5, 10.5, 10.5, 10.5, 10.65, 10.8]
9;172.30.15.139;unit-9/port-82;[6.5, 6.5, 6.5, 6.5, 6.5, 6.5, 6.5, 6.5, 6.5, 6.5, 6.5, 6.5, 6.5, 6.5, 6.5, 6.5]
9;172.30.15.139;unit-12/port-70;[10.4, 10.4, 10.4, 10.4, 10.4, 10.4, 10.4, 10.4, 10.4, 10.4, 10.4, 10.4, 10.4, 10.4, 10.4, 10.4]
9;172.30.15.139;unit-7/port-52;[32.2, 32.2, 32.3, 32.0, 19.7, 19.7, 19.7, 19.7, 7.8, 7.8, 7.8, 7.8, 7.8, 7.8, 7.8, 7.8]
9;172.30.15.169;unit-7/port-73;[6.0, 6.0, 6.0, 6.0, 6.0, 6.0, 6.0, 6.0, 6.0, 6.0, 6.0, 6.0, 6.0, 6.0, 6.0, 6.0]
9;172.30.15.169;unit-9/port-93;[12.7, 12.3, 12.3, 12.3, 12.3, 12.3, 12.3, 12.3, 12.3, 12.3, 12.3, 12.3, 12.3, 12.2, 12.2, 12.2]
9;172.30.15.169;unit-7/port-55;[20.0, 19.5, 19.0, 19.0, 19.0, 19.0, 19.0, 19.0, 19.0, 19.0, 19.0, 19.0, 19.0, 18.5, 18.5, 19.5]
9;172.30.15.169;unit-9/port-10;[6.6, 6.6, 6.6, 6.6, 6.6, 6.6, 6.6, 6.6, 6.6, 6.6, 6.6, 6.6, 6.6, 6.6, 6.6, 6.6]
9;172.30.15.169;unit-7/port-44;[6.5, 6.5, 6.5, 6.5, 6.5, 6.5, 6.5, 6.5, 6.5, 6.5, 6.5, 6.5, 6.5, 6.4, 6.4, 6.4]
9;172.30.15.169;unit-7/port-45;[11.3, 11.3, 11.3, 11.3, 11.2, 11.2, 11.2, 11.2, 11.2, 11.2, 11.2, 11.2, 11.2, 11.2, 11.2, 11.2]
9;172.30.4.13;unit-20/port-40;[11.0, 11.0, 11.0, 11.0, 11.0, 11.0, 11.0, 11.0, 11.0, 11.0, 11.0, 11.0, 11.0, 11.0, 11.0, 11.0]
9;172.30.4.13;unit-3/port-2;[9.0, 9.0, 9.0, 9.0, 9.0, 9.0, 9.0, 9.0, 9.0, 9.0, 9.0, 9.0, 9.0, 9.0, 9.0, 9.0]
9;172.30.4.13;unit-15/port-41;[3.0, 3.0, 3.0, 3.0, 3.0, 3.0, 3.0, 3.0, 3.0, 3.0, 3.0, 3.0, 3.0, 3.0, 3.0, 3.0]
9;172.30.4.13;unit-17/port-2;[13.0, 13.0, 13.0, 13.5, 14.0, 13.0, 13.0, 13.0, 13.0, 13.0, 13.0, 13.0, 13.0, 13.0, 14.0, 14.0]
9;172.30.4.13;unit-17/port-8;[10.0, 10.0, 10.0, 10.0, 10.0, 10.0, 10.0, 10.0, 10.0, 10.0, 10.0, 10.0, 10.0, 10.0, 10.0, 10.0]
9;172.30.4.13;unit-20/port-27;[13.0, 13.0, 13.0, 13.0, 13.0, 13.0, 14.0, 14.0, 14.0, 14.0, 14.0, 14.0, 14.0, 14.0, 14.0, 14.0]
9;172.30.4.13;unit-7/port-23;[14.0, 14.0, 15.0, 14.5, 14.0, 14.0, 14.0, 14.0, 14.0, 14.0, 14.0, 14.0, 14.0, 14.0, 14.0, 15.0]
9;172.30.4.13;unit-12/port-4;[11.0, 11.0, 11.0, 11.0, 11.0, 11.0, 11.0, 11.0, 11.0, 11.0, 11.0, 11.0, 11.0, 11.0, 11.0, 11.0]
9;172.24.3.69;Adsl14/0/14;[311.0, 310.0, 309.0, 310.0, 310.0, 310.0, 310.0, 310.0, 310.0, 310.0, 310.0, 310.0, 310.0, 310.0, 310.0, 310.0]
9;172.24.3.69;Adsl4/0/43;[135.0, 135.0, 135.0, 135.0, 135.0, 135.0, 135.0, 135.0, 135.0, 135.0, 135.0, 135.0, 135.0, 135.0, 135.0, 135.0]
9;172.24.3.69;Adsl15/0/33;[320.0, 320.0, 320.0, 320.0, 320.0, 320.0, 320.0, 320.0, 320.0, 320.0, 320.0, 320.0, 320.0, 320.0, 320.0, 320.0]
9;172.24.3.69;Adsl4/0/36;[235.0, 235.0, 230.0, 230.0, 232.5, 235.0, 235.0, 235.0, 235.0, 235.0, 235.0, 235.0, 235.0, 235.0, 235.0, 235.0]
9;172.24.3.69;Adsl14/0/28;[306.0, 306.0, 305.0, 305.0, 307.5, 310.0, 310.0, 310.0, 310.0, 310.0, 310.0, 310.0, 310.0, 310.0, 310.0, 310.0]
9;172.24.3.69;Adsl14/0/21;[435.0, 435.0, 435.0, 435.0, 437.5, 440.0, 440.0, 440.0, 440.0, 440.0, 440.0, 440.0, 440.0, 440.0, 440.0, 440.0]
9;172.24.3.69;Adsl12/0/18;[258.0, 258.0, 260.0, 260.0, 260.0, 260.0, 260.0, 260.0, 260.0, 260.0, 260.0, 260.0, 260.0, 260.0, 260.0, 260.0]
9;172.24.3.69;Adsl11/0/5;[279.0, 279.0, 279.0, 279.0, 279.0, 279.5, 280.0, 280.0, 280.0, 280.0, 280.0, 280.0, 280.0, 280.0, 280.0, 280.0]
9;172.24.3.69;Adsl4/0/1;[355.0, 355.0, 355.0, 360.0, 360.0, 357.5, 355.0, 355.0, 360.0, 360.0, 360.0, 360.0, 357.5, 355.0, 360.0, 355.0]
9;172.24.3.69;Adsl15/0/30;[408.0, 408.0, 411.0, 411.0, 410.5, 410.0, 410.0, 410.0, 410.0, 410.0, 410.0, 410.0, 410.0, 410.0, 410.0, 410.0]
9;172.25.21.161;adsl0/8/4;[111.0, 111.0, 111.0, 113.0, 115.0, 115.0, 113.0, 113.0, 113.0, 113.0, 113.0, 115.0, 113.0, 115.0, 115.0, 115.0]
9;172.25.21.161;adsl0/24/3;[231.0, 231.0, 231.0, 231.0, 231.0, 231.0, 231.0, 231.0, 231.0, 231.0, 231.0, 231.0, 231.0, 231.0, 231.0, 231.0]
9;172.25.21.161;adsl0/9/28;[110.0, 118.0, 103.0, 108.0, 113.0, 98.0, 110.0, 110.0, 98.0, 115.0, 96.0, 96.0, 106.0, 106.0, 106.0, 106.0]
9;172.25.21.161;adsl0/23/6;[196.0, 196.0, 196.0, 196.0, 196.0, 196.0, 196.0, 200.0, 200.0, 200.0, 200.0, 200.0, 200.0, 200.0, 200.0, 200.0]
9;172.25.21.161;adsl0/6/21;[240.0, 240.0, 240.0, 240.0, 240.0, 240.0, 240.0, 240.0, 240.0, 240.0, 240.0, 240.0, 240.0, 240.0, 240.0, 240.0]
9;172.25.21.161;adsl0/32/10;[195.0, 195.0, 195.0, 195.0, 195.0, 195.0, 195.0, 195.0, 195.0, 195.0, 195.0, 195.0, 195.0, 195.0, 195.0, 195.0]
9;172.25.21.161;adsl0/13/3;[321.0, 328.0, 321.0, 325.5, 330.0, 326.5, 323.0, 323.0, 330.0, 326.0, 321.0, 328.0, 323.0, 321.0, 321.0, 323.0]
9;172.25.21.161;adsl0/30/25;[231.0, 231.0, 231.0, 235.5, 240.0, 240.0, 240.0, 240.0, 238.0, 233.0, 236.0, 236.0, 233.0, 236.0, 236.0, 236.0]
9;172.25.21.161;adsl0/13/2;[90.0, 90.0, 90.0, 90.0, 90.0, 90.0, 90.0, 90.0, 90.0, 90.0, 90.0, 90.0, 90.0, 90.0, 90.0, 90.0]
9;172.25.21.58;unit-15/port-3;[17.0, 17.0, 17.0, 17.0, 17.0, 17.0, 17.0, 17.0, 17.0, 17.0, 17.0, 17.0, 17.0, 17.0, 17.0, 17.0]
9;172.25.21.58;unit-9/port-4;[20.0, 20.0, 20.0, 20.0, 20.0, 20.0, 20.0, 21.0, 20.5, 20.0, 20.0, 20.0, 20.0, 20.0, 20.0, 20.0]
9;172.25.21.58;unit-5/port-20;[14.0, 14.0, 14.0, 14.0, 14.0, 14.0, 14.0, 14.0, 14.0, 14.0, 14.0, 14.0, 14.0, 14.0, 14.0, 14.0]
9;172.25.21.58;unit-1/port-25;[13.0, 13.0, 13.0, 13.0, 13.0, 13.0, 13.0, 13.0, 13.0, 29.0, 29.0, 29.0, 29.0, 29.0, 29.0, 29.0]
9;172.30.18.30;unit-9/port-71;[25.1, 25.2, 25.2, 25.2, 25.2, 26.75, 28.3, 29.7, 31.3, 29.2, 28.8, 28.8, 29.05, 29.3, 29.3, 26.0]
9;172.30.18.30;unit-9/port-59;[11.2, 11.2, 11.2, 11.2, 11.2, 11.2, 11.2, 11.2, 11.2, 11.1, 11.1, 11.1, 11.1, 11.1, 11.1, 11.1]
9;172.30.18.30;unit-7/port-60;[5.9, 5.9, 5.9, 5.9, 5.9, 5.9, 5.9, 6.0, 6.0, 5.7, 5.7, 5.7, 5.7, 5.8, 5.8, 6.0]
9;172.30.18.30;unit-7/port-85;[16.7, 16.7, 16.6, 16.5, 16.6, 16.6, 16.6, 16.6, 16.6, 16.6, 16.6, 16.6, 16.6, 16.6, 16.6, 16.6]
9;172.30.18.30;unit-12/port-26;[3.0, 3.0, 3.0, 3.0, 3.0, 3.0, 3.0, 3.0, 3.0, 3.0, 3.0, 3.0, 3.0, 3.0, 3.0, 3.0]
9;172.30.18.30;unit-9/port-95;[19.2, 19.2, 19.1, 19.1, 19.1, 19.1, 19.1, 19.1, 19.1, 19.1, 19.1, 19.1, 19.1, 19.1, 19.1, 19.1]
9;172.30.18.30;unit-7/port-43;[7.0, 7.0, 7.0, 7.0, 7.0, 7.0, 7.0, 7.0, 7.0, 7.0, 7.0, 7.0, 7.0, 7.0, 7.0, 7.0]
9;172.30.18.30;unit-12/port-16;[10.8, 10.8, 10.8, 10.8, 10.8, 10.8, 10.8, 10.8, 10.8, 10.8, 10.8, 10.8, 10.8, 10.8, 10.8, 10.8]
9;172.30.18.30;unit-9/port-16;[10.0, 10.0, 10.2, 10.2, 10.1, 10.1, 10.1, 10.1, 10.1, 10.1, 10.1, 10.1, 10.0, 10.0, 10.0, 10.0]
9;172.30.18.30;unit-9/port-92;[8.8, 8.8, 8.6, 8.6, 8.6, 8.9, 9.2, 9.2, 9.2, 9.2, 9.2, 9.3, 9.3, 9.2, 9.2, 9.2]
9;172.25.21.172;unit-15/port-42;[17.0, 17.0, 17.0, 17.0, 17.0, 17.0, 17.0, 17.0, 17.0, 17.0, 17.0, 17.0, 16.0, 16.0, 16.0, 16.0]
9;172.25.21.172;unit-1/port-60;[3.0, 3.0, 3.0, 3.0, 3.0, 3.0, 14.0, 14.0, 14.0, 14.0, 14.0, 14.0, 8.5, 3.0, 3.0, 3.0]
9;172.25.21.172;unit-7/port-36;[7.0, 7.0, 7.0, 7.0, 7.0, 7.0, 7.0, 7.0, 7.0, 6.0, 6.0, 6.0, 6.0, 6.0, 6.0, 6.0]
9;172.25.21.172;unit-9/port-25;[5.0, 5.0, 4.0, 4.0, 4.0, 4.0, 4.0, 4.0, 4.0, 4.0, 4.0, 4.0, 4.0, 4.0, 4.0, 4.0]
9;172.25.21.172;unit-5/port-62;[3.0, 3.0, 3.0, 3.0, 3.0, 3.0, 3.0, 3.0, 3.0, 3.0, 3.0, 3.0, 3.0, 3.0, 3.0, 3.0]
9;172.25.21.172;unit-17/port-51;[6.0, 6.0, 6.0, 6.0, 6.0, 6.0, 6.0, 6.0, 6.0, 6.0, 6.0, 6.0, 6.0, 6.0, 6.0, 6.0]
